0.058398,0.10852,0.086139,0.057956,0.042666,0.053276,0.066455,0.066286,0.049373,0.018826,0.019221,0.054185,0.078632,0.087164,0.079718,0.063538,0.055289,0.066066,0.081562,0.087792,0.080408,0.06165,0.039033,0.02798,0.037101,0.048102,0.052766,0.051077,0.04522,0.037611,0.030372,0.025014,0.02111,0.016606,0.015053,0.027585,0.048965,0.071383,0.089128,0.098263,0.097801,0.09055,0.082611,0.079834,0.082296,0.08507,0.084253,0.079344,0.071808,0.062669,0.05135,0.036798,0.019576,0.0083816,0.020961,0.033306,0.040034,0.041307,0.038968,0.03493,0.029751,0.02285,0.014396,0.0092286,0.015265,0.023918,0.030536,0.03425,0.035003,0.032945,0.029383,0.029233,0.038138,0.053364,0.068644,0.079361,0.083358,0.081655,0.078897,0.081456,0.091477,0.1042,0.11265,0.11133,0.097298,0.07036,0.033213,0.010301,0.050459,0.082489,0.10014,0.10064,0.085172,0.059349,0.034899,0.032406,0.043999,0.048148,0.040407,0.023961,0.011524,0.023544,0.03535,0.039432,0.037372,0.034548,0.035426,0.037782,0.036531,0.029217,0.016854,0.0096866,0.02402,0.041434,0.056773,0.067725,0.072034,0.067955,0.055493,0.038269,0.027849,0.035672,0.046546,0.048146,0.037416,0.019808,0.028411,0.05722,0.082514,0.097378,0.099481,0.090158,0.073578,0.055083,0.038988,0.02706,0.020452,0.022285,0.029603,0.035777,0.038416,0.040745,0.048687,0.06176,0.07295,0.075582,0.06665,0.04898,0.037082,0.050162,0.072086,0.086348,0.08744,0.075734,0.055913,0.036074,0.026759,0.029494,0.034522,0.040416,0.049163,0.058604,0.064219,0.063062,0.055235,0.043677,0.032917,0.026471,0.023632,0.021525,0.01974,0.020366,0.02599,0.037869,0.054885,0.07368,0.089649,0.098438,0.097475,0.087049,0.070724,0.055154,0.048028,0.050549,0.056011,0.059121,0.057728,0.05086,0.038434,0.02299,0.01674,0.028031,0.03881,0.044226,0.050297,0.066582,0.091765,0.11608,0.13025,0.12865,0.11033,0.079047,0.042155,0.0099544,0.018153,0.02706,0.0216,0.0064173,0.018816,0.039796,0.055206,0.062566,0.062087,0.055444,0.04455,0.031655,0.022638,0.027243,0.038922,0.047549,0.049655,0.046416,0.042737,0.042907,0.04434,0.040982,0.030383,0.019683,0.029727,0.049238,0.063588,0.067911,0.061786,0.048154,0.031907,0.01761,0.0069587,0.0072986,0.020328,0.035028,0.047102,0.053161,0.052221,0.046579,0.040924,0.038072,0.034972,0.027155,0.017804,0.027988,0.05167,0.074133,0.088859,0.092812,0.086774,0.076209,0.035352
0.0050781,0.080459,0.052204,0.074254,0.091472,0.14701,0.043844,0.14938,0.21028,0.17089,0.030888,0.093942,0.089061,0.077104,0.12678,0.18239,0.064538,0.24628,0.10925,0.19445,0.15624,0.07224,0.065416,0.072919,0.11759,0.1315,0.12429,0.17148,0.18426,0.10707,0.067551,0.055299,0.18339,0.22829,0.15323,0.099553,0.074624,0.12626,0.11243,0.022272,0.10109,0.036627,0.098584,0.17894,0.17692,0.13418,0.10141,0.10682,0.12941,0.038753,0.11069,0.15992,0.11888,0.11192,0.25061,0.20113,0.061848,0.072795,0.087219,0.057102,0.14868,0.097714,0.023939,0.011871,0.084421,0.093955,0.097935,0.080395,0.10862,0.20625,0.11622,0.08691,0.14798,0.12594,0.066948,0.092097,0.11783,0.021058,0.047138,0.055182,0.12965,0.13774,0.11638,0.074149,0.09233,0.092601,0.067631,0.1059,0.10514,0.1157,0.05412,0.11156,0.1094,0.12524,0.13247,0.10168,0.075907,0.078444,0.1666,0.32702,0.31668,0.1603,0.037109,0.11745,0.021838,0.12581,0.086813,0.068307,0.13574,0.16985,0.12518,0.065976,0.038889,0.046337,0.036597,0.083959,0.086113,0.031641,0.10033,0.16828,0.22545,0.1361,0.010226,0.054419,0.037462,0.051143,0.070621,0.12423,0.079323,0.13418,0.16415,0.03015,0.075918,0.070905,0.088406,0.16424,0.017889,0.12063,0.096002,0.12513,0.019113,0.048062,0.16163,0.27081,0.13457,0.051609,0.21869,0.24117,0.060056,0.085492,0.15308,0.16377,0.064382,0.064195,0.12579,0.20849,0.11267,0.10457,0.05546,0.17643,0.11993,0.080592,0.11419,0.0523,0.035465,0.054052,0.10974,0.11138,0.028306,0.18031,0.25292,0.13063,0.094958,0.17999,0.066123,0.086615,0.050633,0.13693,0.03416,0.14743,0.16647,0.14619,0.17321,0.10309,0.089319,0.090433,0.039334,0.054146,0.059955,0.089456,0.20711,0.2084,0.10672,0.063534,0.12493,0.030097,0.098127,0.059751,0.066756,0.212,0.18785,0.062461,0.22307,0.24273,0.17383,0.058776,0.057883,0.046359,0.085564,0.11669,0.058948,0.054434,0.10319,0.16376,0.18097,0.15179,0.031603,0.033053,0.011571,0.0084732,0.0993,0.20058,0.14829,0.15118,0.067091,0.12131,0.1297,0.021017,0.053824,0.093006,0.12096,0.03693,0.06835,0.098845,0.10517,0.16062,0.12979,0.020257,0.13885,0.11408,0.051846,0.066617,0.076952,0.10607,0.068806,0.038944,0.047687,0.050997,0.14657,0.12371,0.055785,0.15998,0.069634,0.076605,0.076804,0.023262,0.033984
0.0056641,0.02585,0.026942,0.06476,0.11384,0.11149,0.051584,0.065013,0.11339,0.11542,0.1057,0.12906,0.18238,0.19524,0.1126,0.039871,0.15014,0.15052,0.076053,0.093618,0.098885,0.035873,0.046231,0.057332,0.057006,0.076562,0.053143,0.059234,0.091125,0.059169,0.028611,0.076339,0.080955,0.075029,0.062153,0.036153,0.084782,0.11786,0.097063,0.033186,0.048242,0.10335,0.086941,0.0070559,0.10211,0.14111,0.10621,0.078352,0.12058,0.14832,0.13872,0.13592,0.14917,0.1052,0.075542,0.16618,0.19743,0.16528,0.10702,0.055244,0.13808,0.16671,0.084003,0.063489,0.11333,0.067857,0.026676,0.058182,0.13848,0.20261,0.1585,0.032716,0.066195,0.071895,0.12127,0.19747,0.19436,0.12681,0.037455,0.070203,0.14622,0.1478,0.086672,0.041329,0.047452,0.076954,0.068412,0.046403,0.16943,0.23403,0.17705,0.048433,0.065133,0.066901,0.0082548,0.050482,0.070582,0.1339,0.16409,0.097297,0.029338,0.12481,0.14086,0.11181,0.083226,0.049644,0.065594,0.084743,0.079194,0.09491,0.087477,0.039527,0.060292,0.056599,0.044043,0.14226,0.17991,0.13371,0.11668,0.15217,0.12178,0.052224,0.068431,0.07427,0.049292,0.062398,0.078325,0.063994,0.0308,0.038901,0.0774,0.10705,0.10622,0.073567,0.064272,0.06287,0.034427,0.080277,0.096072,0.042421,0.063819,0.09294,0.037657,0.062397,0.11794,0.096693,0.048088,0.053593,0.05048,0.056724,0.093216,0.14075,0.16659,0.13962,0.10397,0.10706,0.082251,0.085138,0.11962,0.078763,0.022162,0.096912,0.095278,0.059235,0.068083,0.051412,0.042583,0.086327,0.077842,0.026757,0.11395,0.17998,0.16688,0.095443,0.06399,0.11193,0.14681,0.1337,0.063848,0.026301,0.076692,0.093745,0.12762,0.15752,0.14748,0.10121,0.048718,0.041193,0.029863,0.023979,0.084739,0.10616,0.071559,0.011278,0.048575,0.062886,0.05108,0.052673,0.073698,0.087107,0.071332,0.037674,0.047156,0.037893,0.0354,0.10648,0.13442,0.099324,0.043009,0.059529,0.085491,0.081637,0.05389,0.069491,0.13636,0.17133,0.14366,0.090554,0.076872,0.050907,0.017741,0.056628,0.053266,0.042619,0.044555,0.058847,0.088955,0.10335,0.12199,0.12912,0.10569,0.08062,0.046265,0.1163,0.19548,0.17804,0.093468,0.060756,0.045247,0.07758,0.11229,0.095188,0.062677,0.037487,0.15286,0.22714,0.19044,0.15323,0.19823,0.18374,0.12571,0.077038,0.016562,0.031691,0.0087877,0.10187,0.075586
0.028125,0.060663,0.062873,0.046801,0.033132,0.057336,0.069181,0.089473,0.1366,0.14975,0.094843,0.019749,0.081299,0.085052,0.060068,0.11131,0.14217,0.11614,0.074575,0.052831,0.020642,0.033236,0.05553,0.0464,0.045868,0.041575,0.0075782,0.073842,0.11344,0.093135,0.039218,0.067411,0.092161,0.070096,0.038693,0.041692,0.032575,0.035171,0.071262,0.082258,0.057196,0.036974,0.062122,0.069822,0.056484,0.071575,0.1049,0.10657,0.062801,0.011005,0.050326,0.039833,0.019813,0.078777,0.099029,0.086676,0.09201,0.10121,0.08856,0.072363,0.040324,0.027948,0.10072,0.12779,0.09339,0.034046,0.01145,0.073153,0.15522,0.20231,0.17788,0.097179,0.029411,0.11577,0.19708,0.21787,0.15073,0.043941,0.10561,0.13465,0.080529,0.015331,0.053517,0.049904,0.058514,0.064745,0.019077,0.06635,0.12677,0.12974,0.093819,0.07253,0.054343,0.0268,0.064001,0.082792,0.079929,0.1078,0.13507,0.11943,0.067443,0.031164,0.064247,0.081131,0.06549,0.032279,0.016543,0.033273,0.064422,0.080809,0.058023,0.017951,0.029661,0.023406,0.08241,0.14409,0.14754,0.10776,0.10917,0.11646,0.074231,0.067634,0.092954,0.060709,0.068972,0.12143,0.10608,0.032997,0.033164,0.041975,0.074004,0.14133,0.14497,0.066509,0.066522,0.13354,0.11948,0.067254,0.072986,0.058276,0.015068,0.087184,0.10312,0.048134,0.03917,0.095755,0.095611,0.05778,0.026846,0.010722,0.022074,0.05186,0.071306,0.086435,0.093197,0.077751,0.053807,0.058493,0.065281,0.052088,0.036988,0.041704,0.064726,0.081071,0.060332,0.014449,0.078757,0.1158,0.098362,0.060443,0.070257,0.09728,0.12453,0.14496,0.13979,0.12436,0.123,0.11374,0.085772,0.060411,0.039571,0.063234,0.12107,0.14701,0.12015,0.064933,0.04779,0.054974,0.02812,0.024275,0.075016,0.10219,0.099389,0.0751,0.046001,0.02788,0.015056,0.014741,0.048921,0.072141,0.066984,0.04636,0.070099,0.11062,0.12498,0.10732,0.078676,0.074682,0.088549,0.091035,0.072225,0.035653,0.055372,0.11584,0.15449,0.15632,0.12844,0.088921,0.051173,0.022337,0.030482,0.045914,0.041676,0.043628,0.073227,0.085166,0.063324,0.045386,0.05998,0.048162,0.024143,0.082817,0.13147,0.14079,0.11004,0.058105,0.047334,0.10757,0.1741,0.21359,0.19359,0.10754,0.013817,0.12248,0.18487,0.19469,0.16195,0.10398,0.059631,0.080409,0.11765,0.139,0.12535,0.065152,0.029481,0.11179,0.072656
0.05957,0.1048,0.070087,0.047272,0.066747,0.078523,0.058395,0.052852,0.098821,0.12247,0.1036,0.063665,0.026888,0.020106,0.082455,0.12724,0.11961,0.072426,0.092554,0.13457,0.11237,0.033954,0.053978,0.090548,0.069924,0.030011,0.034353,0.077167,0.12667,0.13654,0.084009,0.0039466,0.07261,0.086679,0.061595,0.053836,0.060788,0.058298,0.065894,0.080496,0.08296,0.062977,0.04564,0.081679,0.10831,0.096389,0.070652,0.066816,0.055864,0.021394,0.028055,0.041732,0.031555,0.056759,0.096895,0.11211,0.096792,0.065613,0.038845,0.026712,0.021881,0.0081402,0.022975,0.061827,0.089804,0.095843,0.087768,0.083739,0.094754,0.10899,0.092309,0.026677,0.092698,0.18143,0.19933,0.15019,0.12297,0.13854,0.10441,0.053117,0.097471,0.10315,0.044997,0.032172,0.05846,0.037947,0.032548,0.02224,0.039746,0.11908,0.16252,0.14444,0.087163,0.039201,0.019603,0.014058,0.043607,0.062309,0.065209,0.065202,0.0618,0.035338,0.03027,0.09039,0.12169,0.10692,0.078749,0.080083,0.068246,0.023622,0.046096,0.067857,0.042473,0.016637,0.029648,0.019281,0.099403,0.17058,0.17821,0.11634,0.031141,0.026976,0.026377,0.036357,0.062589,0.070378,0.075672,0.064178,0.047091,0.088883,0.10519,0.075044,0.093508,0.12115,0.071922,0.040825,0.1288,0.13786,0.073773,0.055284,0.083444,0.058507,0.044607,0.064183,0.045716,0.0085988,0.023356,0.014704,0.011403,0.012908,0.015752,0.049413,0.057093,0.042739,0.053775,0.05331,0.012564,0.065292,0.10772,0.09817,0.067363,0.073493,0.073494,0.042516,0.027684,0.044683,0.048801,0.046305,0.054259,0.082456,0.099074,0.088872,0.10865,0.173,0.21396,0.20343,0.15384,0.094174,0.044278,0.017874,0.050404,0.086611,0.105,0.096829,0.06809,0.043483,0.04731,0.051615,0.045764,0.051711,0.066082,0.065436,0.04595,0.03561,0.06731,0.096928,0.10032,0.084011,0.07645,0.070259,0.042852,0.054531,0.096685,0.10245,0.067396,0.023298,0.013213,0.009963,0.059825,0.10121,0.097845,0.038667,0.055603,0.13868,0.17595,0.15969,0.11256,0.068515,0.044771,0.036763,0.039992,0.037201,0.039629,0.072113,0.093112,0.080056,0.061992,0.079164,0.089285,0.089268,0.11691,0.16354,0.19939,0.19542,0.13665,0.062695,0.068695,0.076694,0.12136,0.19653,0.1998,0.10515,0.045608,0.13101,0.14466,0.16172,0.21167,0.20492,0.11971,0.0092055,0.072842,0.10216,0.10522,0.090084,0.048602,0.01245,0.014648
0.0017578,0.015898,0.016274,0.059948,0.11265,0.12878,0.10363,0.088782,0.091397,0.056778,0.021793,0.078967,0.10226,0.080576,0.021479,0.055157,0.11664,0.1395,0.12317,0.086247,0.071814,0.089596,0.089979,0.079384,0.075319,0.051711,0.01462,0.031286,0.052295,0.07982,0.08911,0.065823,0.026229,0.020787,0.063959,0.077114,0.04515,0.035139,0.063548,0.050729,0.010619,0.027541,0.046239,0.032568,0.02953,0.086838,0.10519,0.06653,0.036826,0.069964,0.072302,0.056812,0.058159,0.062882,0.043108,0.015955,0.058647,0.085233,0.073922,0.020751,0.062279,0.11084,0.087574,0.043041,0.089098,0.081449,0.015123,0.075038,0.12978,0.15768,0.13983,0.085408,0.0817,0.077371,0.0239,0.035499,0.054241,0.11304,0.15296,0.11748,0.10053,0.14643,0.12555,0.050171,0.058703,0.083913,0.094715,0.11984,0.12346,0.11384,0.14461,0.16431,0.12102,0.03324,0.057561,0.121,0.13045,0.093128,0.11288,0.12982,0.060694,0.054623,0.086705,0.060882,0.10925,0.092757,0.084278,0.19608,0.19004,0.058809,0.11394,0.16465,0.1118,0.04435,0.071254,0.11082,0.096352,0.096512,0.13272,0.071263,0.075989,0.17181,0.12951,0.016004,0.11353,0.098439,0.015521,0.027955,0.027668,0.11134,0.13441,0.080121,0.026084,0.029507,0.061919,0.071634,0.018658,0.057873,0.070653,0.025932,0.081464,0.10117,0.08789,0.092011,0.055205,0.061347,0.12692,0.12046,0.056183,0.034,0.090199,0.12786,0.10483,0.017429,0.098693,0.14349,0.094566,0.019085,0.09995,0.12896,0.11099,0.073468,0.024921,0.02239,0.044739,0.056344,0.092738,0.12053,0.11331,0.084102,0.065375,0.068538,0.091619,0.12911,0.154,0.14808,0.11641,0.080357,0.069921,0.083737,0.10391,0.12394,0.11588,0.070601,0.033622,0.016344,0.047442,0.11672,0.13172,0.072622,0.016869,0.071213,0.068448,0.038254,0.022226,0.028313,0.032063,0.027518,0.050054,0.062486,0.07044,0.11177,0.12937,0.085284,0.053915,0.11947,0.13978,0.0928,0.021099,0.099423,0.17386,0.20497,0.17692,0.094842,0.068206,0.15861,0.19185,0.14112,0.056003,0.075995,0.103,0.097794,0.091493,0.071026,0.051703,0.095573,0.12782,0.10631,0.055483,0.068946,0.088678,0.081916,0.072207,0.042429,0.055691,0.1063,0.12172,0.12521,0.12656,0.099605,0.054059,0.023117,0.070871,0.11294,0.13317,0.16343,0.15963,0.088677,0.12767,0.20197,0.17514,0.081711,0.015377,0.093006,0.14717,0.1179,0.014258
0.053516,0.10971,0.092457,0.042623,0.048085,0.074763,0.045694,0.024135,0.083979,0.1012,0.085561,0.071657,0.042709,0.026282,0.10827,0.15299,0.13577,0.10062,0.12502,0.14237,0.099596,0.01712,0.053147,0.071548,0.044394,0.029528,0.028955,0.054089,0.11093,0.12784,0.082291,0.036971,0.074381,0.068148,0.020487,0.023929,0.030818,0.052085,0.08694,0.091364,0.071546,0.053126,0.03759,0.045772,0.070088,0.089178,0.10721,0.10349,0.05898,0.0087136,0.050606,0.042681,0.021334,0.070941,0.097604,0.089999,0.066751,0.049549,0.039378,0.028452,0.026716,0.034028,0.035629,0.035508,0.044033,0.061962,0.083955,0.10161,0.11025,0.10818,0.085897,0.033963,0.074921,0.16638,0.2091,0.17638,0.117,0.12125,0.11366,0.062478,0.099452,0.12561,0.070783,0.021051,0.069236,0.046592,0.023217,0.030953,0.038423,0.13238,0.18658,0.16246,0.099881,0.071504,0.048834,0.02351,0.057178,0.066205,0.051668,0.046004,0.067618,0.074991,0.037523,0.049353,0.10324,0.098821,0.058321,0.066441,0.060949,0.0041661,0.059455,0.078428,0.050497,0.047615,0.056215,0.021752,0.075574,0.14881,0.16969,0.12285,0.038916,0.028379,0.041394,0.039512,0.060138,0.064401,0.078746,0.086006,0.067351,0.11165,0.14543,0.090692,0.055694,0.13717,0.11978,0.02168,0.11642,0.14786,0.084227,0.059003,0.094023,0.056672,0.024396,0.071475,0.065839,0.040131,0.034621,0.020693,0.017841,0.019827,0.015679,0.045133,0.05684,0.044083,0.041682,0.044962,0.024681,0.063179,0.11642,0.12713,0.10066,0.094663,0.09975,0.063,0.0070462,0.054594,0.064383,0.050289,0.042209,0.068598,0.11278,0.12788,0.11908,0.15131,0.19728,0.19687,0.15021,0.090819,0.046944,0.033541,0.043058,0.067559,0.094517,0.099029,0.077252,0.049907,0.038993,0.047985,0.053373,0.044644,0.061138,0.087923,0.083203,0.05425,0.053981,0.080135,0.093234,0.080581,0.055101,0.062012,0.062038,0.029391,0.076683,0.12113,0.10599,0.049299,0.016831,0.025894,0.070531,0.11191,0.092693,0.0076578,0.099031,0.16656,0.17033,0.13137,0.090011,0.06858,0.057449,0.037007,0.023381,0.041665,0.047211,0.05745,0.073564,0.073499,0.087155,0.10772,0.090582,0.07916,0.1312,0.1673,0.17341,0.16313,0.11922,0.049378,0.052083,0.070149,0.11597,0.18704,0.19458,0.12103,0.069705,0.11545,0.1427,0.18381,0.21687,0.1893,0.10916,0.022309,0.045131,0.08716,0.099784,0.077997,0.038637,0.0090467,0.0027344
0.073828,0.14359,0.1318,0.11348,0.090561,0.065758,0.04313,0.030303,0.033806,0.043672,0.050733,0.052174,0.047575,0.037612,0.023636,0.0076447,0.010234,0.025552,0.038248,0.047056,0.051377,0.051201,0.047099,0.040212,0.032309,0.025945,0.02391,0.026362,0.030443,0.033743,0.035209,0.034643,0.032302,0.028645,0.024127,0.019061,0.013576,0.0078088,0.0038361,0.008507,0.015967,0.023695,0.030955,0.03716,0.041851,0.044745,0.045783,0.045115,0.043053,0.039964,0.036146,0.031724,0.02662,0.020638,0.013612,0.0057015,0.0046957,0.013971,0.023589,0.032563,0.040205,0.045968,0.049509,0.050735,0.049819,0.047175,0.043371,0.038999,0.034506,0.030036,0.02539,0.020157,0.013936,0.0065155,0.0020501,0.011422,0.021102,0.030476,0.038924,0.045903,0.051012,0.054028,0.054921,0.053836,0.051054,0.046944,0.041904,0.036314,0.030504,0.024766,0.0194,0.014847,0.011898,0.011495,0.01348,0.016669,0.02019,0.023642,0.026855,0.02974,0.032213,0.034156,0.035418,0.035827,0.035228,0.033516,0.030666,0.02676,0.022,0.016754,0.011725,0.008582,0.0096553,0.013623,0.018158,0.022368,0.025951,0.028817,0.030967,0.032435,0.033251,0.033413,0.032873,0.031544,0.02932,0.026095,0.021796,0.0164,0.009959,0.002718,0.0057324,0.014251,0.022892,0.031187,0.03865,0.044779,0.049084,0.051135,0.050596,0.047278,0.041174,0.032499,0.02175,0.010147,0.0078298,0.019618,0.031851,0.042487,0.050631,0.055693,0.057376,0.055702,0.051028,0.044047,0.035802,0.027742,0.021788,0.019665,0.020768,0.022562,0.023196,0.02198,0.019021,0.01508,0.011783,0.011494,0.014344,0.018024,0.020975,0.022573,0.02272,0.021659,0.019866,0.017925,0.016377,0.01557,0.015647,0.016683,0.018755,0.021794,0.025431,0.02905,0.031941,0.033467,0.033229,0.031261,0.028316,0.02624,0.027582,0.033237,0.041522,0.0502,0.057519,0.062234,0.063537,0.061051,0.054844,0.04546,0.034045,0.02299,0.01815,0.024083,0.034068,0.043087,0.04928,0.051859,0.050576,0.045588,0.037394,0.026798,0.015037,0.0065574,0.013803,0.02433,0.033207,0.039496,0.042839,0.043282,0.04132,0.037984,0.034919,0.034067,0.036462,0.041287,0.046738,0.051187,0.053515,0.053088,0.049685,0.043442,0.034803,0.024489,0.013659,0.0067195,0.013168,0.022426,0.030419,0.036406,0.040124,0.041539,0.040766,0.03803,0.033627,0.027911,0.021331,0.014599,0.0095233,0.010133,0.015476,0.021675,0.027355,0.032051,0.035611,0.038072,0.039592,0.040384,0.020312
0.10293,0.23288,0.23442,0.13378,0.042797,0.16258,0.16695,0.096867,0.053862,0.065792,0.13248,0.12961,0.06317,0.12297,0.12262,0.014237,0.098862,0.10957,0.030913,0.082202,0.094753,0.037176,0.026648,0.039755,0.034383,0.023335,0.019391,0.064819,0.074502,0.054181,0.068555,0.087438,0.073207,0.047526,0.043605,0.044648,0.059032,0.095271,0.11235,0.08476,0.028575,0.0094758,0.0074966,0.056002,0.081642,0.042978,0.069022,0.14377,0.14317,0.082538,0.10404,0.15384,0.13943,0.075927,0.0093748,0.036788,0.057688,0.068246,0.068368,0.079713,0.10888,0.10708,0.051572,0.032445,0.075345,0.051818,0.041475,0.1024,0.12413,0.11506,0.10476,0.092404,0.068626,0.03624,0.007955,0.037771,0.086791,0.1247,0.12273,0.090999,0.092113,0.12797,0.1501,0.15218,0.13692,0.095315,0.039925,0.044698,0.044628,0.015107,0.050078,0.092734,0.12595,0.11546,0.057112,0.073775,0.11369,0.1005,0.080175,0.088236,0.078032,0.039777,0.043427,0.06439,0.048267,0.013797,0.012169,0.029517,0.04258,0.057068,0.062892,0.029435,0.051434,0.10021,0.081836,0.018033,0.048508,0.039936,0.043939,0.11365,0.15239,0.1505,0.12092,0.082741,0.068821,0.073316,0.055111,0.033092,0.021141,0.091793,0.1975,0.23994,0.18401,0.12058,0.1462,0.13534,0.056594,0.04582,0.11834,0.13224,0.10836,0.10386,0.1333,0.16083,0.12869,0.02434,0.08567,0.12027,0.070562,0.01313,0.037059,0.045953,0.046674,0.028669,0.047959,0.09473,0.11658,0.082943,0.027113,0.034872,0.044005,0.10348,0.11209,0.08351,0.13984,0.16021,0.11005,0.063418,0.072703,0.083086,0.044799,0.074887,0.11336,0.058142,0.060924,0.083159,0.022578,0.10677,0.12066,0.079816,0.085863,0.041281,0.11997,0.20223,0.19265,0.14101,0.087405,0.08313,0.1431,0.15033,0.102,0.047401,0.042543,0.08718,0.16351,0.21626,0.18425,0.09949,0.074351,0.036756,0.061499,0.13025,0.12546,0.083846,0.054806,0.045372,0.070617,0.10606,0.1345,0.12445,0.077377,0.060969,0.13495,0.21872,0.23859,0.1692,0.06542,0.064533,0.083623,0.066906,0.048709,0.028686,0.041802,0.085825,0.13137,0.17055,0.16195,0.11374,0.11075,0.090981,0.071745,0.16512,0.19196,0.12983,0.059518,0.050825,0.050374,0.07566,0.12344,0.13158,0.081231,0.087817,0.12635,0.11308,0.10297,0.093353,0.077322,0.13661,0.19741,0.19963,0.13699,0.080931,0.14316,0.23308,0.28705,0.2579,0.10449
0.33535,0.25468,0.17177,0.041609,0.094248,0.066917,0.073815,0.090878,0.039139,0.084406,0.11415,0.035454,0.06175,0.091933,0.10079,0.094133,0.040277,0.039724,0.066424,0.10467,0.051183,0.020056,0.046465,0.094818,0.068839,0.10314,0.032687,0.034289,0.081622,0.094676,0.11858,0.12897,0.066254,0.084766,0.060874,0.033372,0.087317,0.11391,0.084909,0.10008,0.041404,0.045891,0.032114,0.020176,0.037818,0.049101,0.072634,0.08757,0.13717,0.075918,0.085205,0.037782,0.062098,0.086798,0.083472,0.046284,0.067191,0.067923,0.12269,0.092697,0.028738,0.022695,0.053894,0.078397,0.15723,0.10215,0.080544,0.050271,0.11943,0.0702,0.027461,0.050591,0.034679,0.1358,0.063009,0.12213,0.097531,0.054393,0.058988,0.081152,0.039626,0.13764,0.063775,0.14129,0.065533,0.039672,0.066636,0.012281,0.069592,0.074068,0.014632,0.046624,0.0088251,0.028295,0.064851,0.063409,0.094574,0.072275,0.07192,0.0076487,0.14015,0.075891,0.076277,0.041595,0.040039,0.082283,0.06333,0.093544,0.037005,0.042443,0.06566,0.054904,0.11038,0.052104,0.052582,0.047512,0.077625,0.073519,0.096561,0.13752,0.076467,0.10569,0.051516,0.017992,0.047845,0.067026,0.08101,0.1066,0.085014,0.051169,0.065043,0.12177,0.029266,0.096336,0.074007,0.021684,0.05226,0.060121,0.033854,0.10179,0.076273,0.057896,0.062127,0.078568,0.1361,0.14835,0.13645,0.20619,0.10823,0.0066637,0.035713,0.1104,0.06826,0.048423,0.080782,0.059498,0.04579,0.11315,0.060802,0.11804,0.029047,0.039497,0.080212,0.031126,0.063801,0.019572,0.1131,0.098854,0.12611,0.067046,0.033208,0.11466,0.13463,0.13018,0.069662,0.13972,0.10313,0.016508,0.063593,0.02798,0.042816,0.033811,0.064979,0.075249,0.040879,0.10596,0.075619,0.12653,0.063261,0.051062,0.088927,0.01777,0.073447,0.059949,0.022071,0.061661,0.016123,0.078328,0.015858,0.090897,0.090375,0.035833,0.049702,0.031066,0.10934,0.051731,0.054629,0.064614,0.12005,0.071971,0.096604,0.10648,0.076569,0.11322,0.011814,0.026973,0.067855,0.037629,0.063517,0.031696,0.05636,0.086101,0.15951,0.03634,0.08392,0.097512,0.081806,0.067053,0.021119,0.087415,0.053629,0.10648,0.10129,0.12028,0.12188,0.079483,0.043415,0.027856,0.039955,0.0038567,0.054806,0.067772,0.096064,0.16372,0.088137,0.12788,0.033965,0.029079,0.09369,0.064285,0.062075,0.044421,0.020564,0.026533,0.066186,0.11571,0.045898
0.12383,0.32285,0.29908,0.17495,0.2527,0.2719,0.17312,0.11955,0.13523,0.16732,0.10626,0.043594,0.13323,0.10392,0.071943,0.10171,0.089205,0.01833,0.039848,0.081759,0.062444,0.036032,0.033868,0.043241,0.028447,0.06313,0.10996,0.024365,0.099747,0.095072,0.05963,0.11079,0.11532,0.019175,0.066601,0.085177,0.10651,0.019061,0.12162,0.085621,0.090561,0.066026,0.042605,0.050034,0.02154,0.017463,0.052432,0.017835,0.15222,0.15963,0.053189,0.053698,0.065591,0.10176,0.129,0.18274,0.17984,0.18584,0.15651,0.22238,0.20469,0.17413,0.094689,0.034998,0.019337,0.066041,0.01494,0.10816,0.086085,0.061492,0.092829,0.078328,0.10276,0.14111,0.11644,0.075394,0.060465,0.041724,0.10779,0.084548,0.0050677,0.017842,0.027394,0.051639,0.062386,0.061232,0.06051,0.042189,0.11886,0.10367,0.093855,0.029109,0.054962,0.12187,0.074136,0.018426,0.056477,0.087519,0.11845,0.090032,0.071348,0.041177,0.047968,0.074601,0.063395,0.10359,0.058765,0.081669,0.10855,0.067071,0.19664,0.023836,0.19685,0.02388,0.2116,0.12207,0.075871,0.015592,0.04944,0.060763,0.036902,0.097912,0.061379,0.028992,0.095195,0.081145,0.079685,0.069774,0.04288,0.015588,0.01424,0.053949,0.088217,0.028511,0.11173,0.025704,0.16335,0.082481,0.084536,0.024855,0.068714,0.095805,0.078177,0.1896,0.12768,0.076601,0.14467,0.065067,0.069702,0.041742,0.053134,0.04996,0.070352,0.065039,0.074471,0.078928,0.063952,0.033353,0.024362,0.028608,0.091071,0.073604,0.15815,0.12936,0.034607,0.048549,0.083031,0.089522,0.084722,0.0042312,0.08463,0.11997,0.10144,0.13297,0.15806,0.084486,0.060414,0.058907,0.12857,0.18159,0.15317,0.063055,0.0095267,0.13745,0.098075,0.0348,0.02255,0.043651,0.02111,0.013018,0.099963,0.059513,0.064083,0.10798,0.17432,0.084418,0.073541,0.080607,0.08761,0.065011,0.043685,0.086587,0.12777,0.082559,0.024307,0.050327,0.095893,0.05117,0.0056496,0.076098,0.076769,0.067344,0.060009,0.181,0.21137,0.087933,0.077964,0.27825,0.27964,0.14973,0.13901,0.20304,0.11364,0.10375,0.16225,0.10609,0.2074,0.1552,0.14894,0.19052,0.17371,0.20192,0.14205,0.071706,0.040241,0.073557,0.099799,0.098104,0.094052,0.13567,0.065232,0.10474,0.09029,0.060281,0.10978,0.028366,0.044277,0.089246,0.15736,0.07406,0.12588,0.028282,0.16425,0.060178,0.085658,0.11514,0.055469
0.028125,0.063665,0.065678,0.04512,0.022265,0.035545,0.033246,0.038539,0.076373,0.087661,0.059247,0.045893,0.058193,0.047856,0.094988,0.15053,0.15065,0.10707,0.077416,0.056764,0.011096,0.030202,0.02193,0.03225,0.080221,0.073159,0.055327,0.11946,0.14914,0.1178,0.079471,0.067671,0.033228,0.020198,0.047672,0.046343,0.068246,0.097558,0.10661,0.10058,0.077235,0.037576,0.0045836,0.022796,0.070989,0.11035,0.10065,0.048799,0.061463,0.086322,0.057604,0.036729,0.058621,0.028168,0.052204,0.13144,0.16178,0.13009,0.064094,0.020002,0.040908,0.050157,0.04918,0.046467,0.04985,0.05549,0.0571,0.054005,0.075346,0.12177,0.13452,0.083509,0.077288,0.16042,0.17656,0.11423,0.057465,0.063199,0.033813,0.061924,0.091893,0.057438,0.018324,0.055561,0.0408,0.030224,0.038692,0.011851,0.093538,0.14981,0.13914,0.077143,0.01824,0.0073086,0.042235,0.083288,0.089055,0.05188,0.046388,0.090407,0.091772,0.039428,0.046352,0.10222,0.10193,0.058745,0.048718,0.054839,0.034549,0.061722,0.081123,0.065069,0.06897,0.070846,0.02486,0.10256,0.1822,0.18266,0.10696,0.026981,0.038136,0.0094067,0.048367,0.069976,0.052866,0.083335,0.10864,0.076006,0.051586,0.084292,0.081003,0.082657,0.10586,0.086824,0.050737,0.075513,0.08194,0.087338,0.12179,0.11501,0.052278,0.063046,0.10555,0.083769,0.023034,0.038072,0.046456,0.017159,0.023159,0.039209,0.029946,0.020857,0.056622,0.095839,0.11138,0.094093,0.061699,0.048088,0.053007,0.0637,0.07823,0.081996,0.067598,0.043915,0.037509,0.050679,0.052807,0.038937,0.032114,0.053357,0.083004,0.11046,0.12708,0.12795,0.11736,0.10473,0.09574,0.089351,0.079483,0.055936,0.013029,0.048459,0.10174,0.12747,0.11558,0.077959,0.047198,0.039961,0.035625,0.056834,0.080742,0.074655,0.042422,0.01264,0.019656,0.050999,0.072857,0.05691,0.020072,0.051696,0.062449,0.05888,0.087431,0.097407,0.064631,0.032366,0.04975,0.07711,0.11562,0.12864,0.088405,0.010064,0.070307,0.12201,0.14588,0.15235,0.14138,0.10888,0.059969,0.010644,0.029414,0.046554,0.050833,0.055054,0.066265,0.080606,0.08981,0.088214,0.072915,0.051501,0.071487,0.13062,0.17875,0.17845,0.11872,0.076139,0.13222,0.14691,0.13094,0.1819,0.22049,0.16535,0.039203,0.10195,0.17571,0.18952,0.17305,0.13561,0.077909,0.021753,0.026351,0.07376,0.11347,0.11731,0.092369,0.089257,0.05
0.033984,0.075335,0.076504,0.051929,0.015998,0.031269,0.032842,0.033498,0.069916,0.081644,0.052767,0.041043,0.057732,0.049409,0.094344,0.14919,0.15016,0.10885,0.082621,0.064646,0.020994,0.019335,0.015246,0.037821,0.075921,0.060265,0.061069,0.13513,0.15762,0.10961,0.06057,0.07051,0.051271,0.010524,0.028952,0.027532,0.048627,0.075319,0.082571,0.076635,0.05622,0.029004,0.019488,0.013956,0.075123,0.12634,0.12165,0.060643,0.044684,0.078772,0.057952,0.026279,0.045845,0.022329,0.052643,0.12298,0.14766,0.11461,0.050481,0.0091804,0.035437,0.040504,0.033118,0.025723,0.03869,0.05604,0.068676,0.074827,0.085116,0.1103,0.11221,0.060408,0.069111,0.14526,0.15276,0.098801,0.080892,0.081471,0.019108,0.07132,0.11561,0.082593,0.036596,0.073049,0.067239,0.027875,0.010928,0.031501,0.09545,0.13537,0.11602,0.056444,0.023988,0.03281,0.065189,0.10827,0.11178,0.062434,0.025594,0.087324,0.10322,0.062731,0.031853,0.081074,0.090652,0.068789,0.065776,0.060193,0.044625,0.077788,0.095461,0.079986,0.085191,0.084957,0.03858,0.11098,0.19707,0.20106,0.12166,0.020981,0.037811,0.023205,0.031918,0.060567,0.069217,0.09921,0.10869,0.066974,0.050501,0.077225,0.059673,0.082862,0.12668,0.10506,0.036013,0.070755,0.099988,0.097766,0.10739,0.09763,0.057392,0.075951,0.10075,0.070005,0.011812,0.04336,0.042544,0.0055321,0.035996,0.04966,0.03613,0.028894,0.061689,0.097192,0.11029,0.092163,0.059946,0.048085,0.055301,0.067669,0.083586,0.087894,0.070429,0.038099,0.033141,0.057157,0.061454,0.044579,0.03661,0.053823,0.073795,0.096888,0.11976,0.13076,0.12527,0.10937,0.092955,0.080975,0.069268,0.047228,0.012523,0.052448,0.10267,0.12709,0.11518,0.077929,0.046588,0.038398,0.032688,0.051918,0.07499,0.06982,0.041002,0.020363,0.032813,0.062708,0.079631,0.054484,0.010441,0.065301,0.081332,0.075018,0.099588,0.11256,0.082053,0.050236,0.070501,0.09435,0.11266,0.10949,0.067809,0.021081,0.068079,0.10416,0.12915,0.15051,0.154,0.12797,0.077258,0.020361,0.032126,0.057356,0.065101,0.067437,0.071526,0.074461,0.074545,0.073595,0.066122,0.048784,0.062372,0.12101,0.17401,0.18099,0.12657,0.077096,0.13372,0.16254,0.15071,0.17458,0.19735,0.14738,0.052323,0.094665,0.15221,0.17579,0.1838,0.16077,0.10332,0.043027,0.013846,0.063514,0.11717,0.13725,0.11566,0.082368,0.035156
0.092773,0.17552,0.14716,0.10525,0.056848,0.011018,0.030125,0.054645,0.062928,0.055878,0.039473,0.031596,0.048839,0.071953,0.088208,0.093151,0.085988,0.068501,0.04426,0.017718,0.006817,0.025658,0.036827,0.0398,0.035553,0.026154,0.014388,0.0059917,0.012558,0.020893,0.027251,0.031969,0.035826,0.039253,0.042014,0.043402,0.042677,0.039489,0.034196,0.028163,0.023933,0.023891,0.027108,0.030639,0.03277,0.033568,0.034384,0.036717,0.040743,0.045168,0.048403,0.049441,0.048052,0.044531,0.039274,0.032425,0.023863,0.013613,0.0040334,0.01198,0.022913,0.031172,0.035206,0.034519,0.030189,0.025741,0.026561,0.033108,0.040297,0.044078,0.042554,0.035491,0.024007,0.010598,0.0078589,0.019071,0.027885,0.032497,0.032915,0.02997,0.02489,0.018909,0.013277,0.010405,0.013276,0.019662,0.02655,0.032462,0.036777,0.039625,0.041718,0.043773,0.045804,0.046952,0.046038,0.042268,0.03567,0.027223,0.018844,0.013273,0.01203,0.012102,0.010362,0.0062005,0.0011571,0.0059206,0.010678,0.013158,0.013119,0.011697,0.011791,0.015293,0.020278,0.024517,0.026901,0.027158,0.025498,0.022349,0.01853,0.016581,0.020934,0.031465,0.044648,0.057457,0.067336,0.072264,0.071125,0.064149,0.053367,0.043155,0.03945,0.043369,0.048832,0.050255,0.045205,0.033685,0.017492,0.0033362,0.018178,0.030406,0.035975,0.033956,0.025154,0.013006,0.012403,0.024923,0.034881,0.038456,0.034906,0.026342,0.020687,0.028145,0.040996,0.050455,0.05285,0.047411,0.036362,0.02707,0.030981,0.043142,0.052473,0.054025,0.046467,0.031083,0.012631,0.016338,0.033491,0.044702,0.046716,0.039074,0.023548,0.0054,0.018398,0.034494,0.043137,0.042405,0.032787,0.018199,0.015706,0.031303,0.0451,0.051581,0.049695,0.041753,0.034597,0.037163,0.047088,0.055215,0.056257,0.048763,0.034448,0.020071,0.023298,0.038252,0.050091,0.055012,0.053096,0.046998,0.041135,0.038994,0.039333,0.037888,0.031839,0.021195,0.010088,0.014135,0.025153,0.0322,0.033051,0.027739,0.017943,0.0073292,0.0087889,0.016484,0.021292,0.023993,0.02754,0.03343,0.039594,0.042583,0.039734,0.029944,0.013886,0.0068499,0.027888,0.046523,0.059446,0.064589,0.061387,0.050857,0.035351,0.018148,0.0057974,0.013811,0.021885,0.026113,0.027864,0.02886,0.029515,0.028689,0.025051,0.018425,0.011095,0.010786,0.017086,0.021464,0.020984,0.015826,0.012229,0.021175,0.035112,0.047203,0.054258,0.054915,0.049872,0.042455,0.019336
0.059766,0.10744,0.076769,0.049545,0.06128,0.0865,0.096545,0.087696,0.072778,0.077294,0.10172,0.12237,0.12575,0.11106,0.089528,0.082959,0.098492,0.11614,0.12039,0.10724,0.080228,0.047624,0.023771,0.02947,0.042739,0.050195,0.052702,0.051943,0.047615,0.038551,0.024854,0.0088781,0.0080627,0.019303,0.025225,0.026556,0.027549,0.033133,0.043266,0.054647,0.064548,0.071086,0.072781,0.068612,0.058442,0.043393,0.025925,0.011257,0.015427,0.02796,0.039204,0.048473,0.05512,0.057878,0.055659,0.048501,0.037973,0.026947,0.01881,0.015587,0.016124,0.019075,0.023669,0.027739,0.028672,0.024941,0.016805,0.0065338,0.0055435,0.011603,0.012294,0.0084897,0.014117,0.030615,0.049334,0.066265,0.0788,0.085615,0.086636,0.082736,0.075331,0.066115,0.056971,0.049754,0.045413,0.042979,0.040269,0.035996,0.031568,0.03135,0.037549,0.046149,0.052152,0.052551,0.046511,0.035433,0.023608,0.019737,0.025534,0.030804,0.030745,0.025323,0.018329,0.018341,0.026145,0.033597,0.036772,0.034845,0.028889,0.021708,0.018162,0.021236,0.026834,0.030907,0.031732,0.028831,0.022681,0.015174,0.011706,0.016535,0.023062,0.027177,0.027911,0.025805,0.022364,0.019278,0.017161,0.015044,0.011745,0.0078825,0.0091633,0.017112,0.027128,0.037292,0.046381,0.053236,0.056804,0.056396,0.05196,0.0442,0.034447,0.024447,0.016958,0.017154,0.025077,0.034984,0.042919,0.046004,0.042503,0.033057,0.023888,0.028439,0.042319,0.052964,0.054954,0.047984,0.038441,0.040694,0.056266,0.071462,0.07763,0.071778,0.055105,0.032068,0.010382,0.014319,0.023481,0.023591,0.016447,0.0086404,0.010956,0.014271,0.01155,0.0042803,0.0090337,0.016867,0.018735,0.016221,0.024215,0.045133,0.067684,0.084016,0.089079,0.081257,0.062991,0.04121,0.029078,0.034048,0.04059,0.040681,0.036335,0.033162,0.033036,0.031471,0.025358,0.020509,0.02973,0.045778,0.058251,0.06263,0.05822,0.047597,0.036087,0.030182,0.031321,0.034106,0.034667,0.032035,0.026363,0.019581,0.019413,0.029916,0.042477,0.050606,0.050902,0.042647,0.028002,0.012785,0.012748,0.020537,0.022752,0.021667,0.025733,0.035878,0.044529,0.046272,0.03966,0.028058,0.023401,0.033974,0.046707,0.053798,0.053567,0.047189,0.036995,0.024946,0.011987,0.0046912,0.017423,0.029358,0.036704,0.037512,0.031892,0.02343,0.021131,0.028426,0.036127,0.039102,0.037609,0.036406,0.041634,0.053025,0.065621,0.075836,0.082432,0.085759,0.043359
0.1002,0.18012,0.12573,0.056191,0.036379,0.07936,0.10027,0.098636,0.093258,0.1004,0.10982,0.10355,0.076793,0.044545,0.052326,0.082213,0.095969,0.085738,0.056146,0.020173,0.020673,0.037106,0.035184,0.016149,0.012961,0.041255,0.060892,0.067273,0.060842,0.046385,0.032348,0.029916,0.039125,0.050339,0.059033,0.063528,0.063453,0.059851,0.054737,0.049663,0.044536,0.03832,0.030848,0.02388,0.020487,0.021078,0.02177,0.019269,0.01332,0.011144,0.021029,0.033047,0.041448,0.04429,0.042947,0.041821,0.044256,0.047805,0.047625,0.04154,0.031369,0.022461,0.019877,0.020277,0.019313,0.020023,0.026047,0.033588,0.038345,0.039502,0.039084,0.039671,0.042245,0.047103,0.055109,0.065884,0.076613,0.08389,0.085958,0.083392,0.078025,0.071038,0.062468,0.053302,0.047776,0.049918,0.055989,0.058691,0.054115,0.042669,0.027959,0.016152,0.016606,0.026677,0.039558,0.052501,0.062108,0.065129,0.059931,0.046975,0.028908,0.017544,0.035455,0.062022,0.085967,0.10139,0.10378,0.091275,0.065714,0.032644,0.0054358,0.027612,0.040951,0.041231,0.032758,0.02589,0.029326,0.035024,0.0353,0.03031,0.025321,0.025632,0.028982,0.031045,0.031085,0.029642,0.025821,0.01792,0.0065481,0.011089,0.023641,0.03104,0.03254,0.035047,0.048229,0.068835,0.087567,0.09764,0.095946,0.083015,0.062192,0.038176,0.016537,0.015003,0.029978,0.042227,0.048262,0.046359,0.036464,0.020991,0.0078005,0.016087,0.024522,0.025834,0.021461,0.017011,0.018852,0.023958,0.027532,0.028981,0.029687,0.031416,0.03584,0.043194,0.050734,0.053864,0.04877,0.035256,0.023426,0.035538,0.055953,0.068204,0.066646,0.051215,0.026521,0.0067719,0.024654,0.035476,0.033821,0.022174,0.010555,0.019956,0.031777,0.036984,0.035085,0.028122,0.021093,0.023586,0.034816,0.044789,0.046984,0.038634,0.023689,0.025623,0.04618,0.060594,0.058857,0.038057,0.0088156,0.04811,0.092671,0.12589,0.14083,0.1356,0.11321,0.080012,0.043595,0.014912,0.026681,0.045529,0.055588,0.055595,0.047248,0.036596,0.03427,0.041514,0.047496,0.046013,0.036849,0.023633,0.014735,0.021905,0.036573,0.052123,0.064826,0.070291,0.065275,0.050267,0.033225,0.03398,0.049372,0.059194,0.056493,0.042512,0.026391,0.026884,0.0374,0.040002,0.030803,0.015135,0.01978,0.036841,0.045272,0.040341,0.022799,0.0079149,0.033258,0.05554,0.06728,0.066592,0.0557,0.040406,0.028547,0.024078,0.020887,0.013616,0.0033203
0.045508,0.082241,0.058877,0.032839,0.037167,0.06147,0.077086,0.077031,0.062167,0.040776,0.035546,0.0542,0.072245,0.079829,0.07712,0.070837,0.070701,0.079009,0.087862,0.089417,0.080827,0.064432,0.048204,0.045013,0.055913,0.068383,0.075462,0.075769,0.070399,0.061245,0.050059,0.038125,0.02623,0.014569,0.0045038,0.014611,0.032205,0.051944,0.070824,0.084961,0.090563,0.085022,0.067783,0.041116,0.016725,0.037396,0.068032,0.090927,0.10162,0.098567,0.082767,0.057525,0.028008,0.0089781,0.028911,0.045724,0.056124,0.063044,0.069406,0.074608,0.074749,0.065898,0.046889,0.022002,0.022439,0.048007,0.066462,0.070656,0.058628,0.032634,0.010098,0.043371,0.076051,0.098895,0.10944,0.10869,0.10028,0.089098,0.079867,0.076054,0.078716,0.085433,0.091126,0.09033,0.079239,0.057071,0.027632,0.020401,0.049667,0.073902,0.085264,0.081674,0.064686,0.038998,0.01413,0.022739,0.040026,0.048124,0.046235,0.037011,0.026112,0.022653,0.028713,0.035759,0.039752,0.040715,0.040022,0.038655,0.036363,0.032279,0.02631,0.020437,0.019029,0.023149,0.028136,0.030559,0.029287,0.024494,0.01699,0.0084554,0.008528,0.018577,0.028098,0.0336,0.032734,0.025072,0.017313,0.028563,0.050038,0.069225,0.08004,0.079087,0.065744,0.042236,0.013096,0.016155,0.039761,0.053775,0.056299,0.047984,0.032584,0.022707,0.036867,0.059375,0.078716,0.090453,0.092386,0.084341,0.068558,0.050103,0.037173,0.0358,0.03906,0.038357,0.031898,0.022334,0.014529,0.012454,0.015669,0.025128,0.040347,0.057038,0.070119,0.07564,0.072079,0.061161,0.048314,0.041863,0.045247,0.051948,0.056375,0.057704,0.057429,0.057064,0.057493,0.059795,0.065188,0.073143,0.080651,0.083927,0.080419,0.069968,0.055384,0.042904,0.039979,0.045071,0.049484,0.048462,0.04265,0.038367,0.044131,0.057829,0.071032,0.07851,0.079419,0.07739,0.078724,0.086018,0.09433,0.096333,0.087527,0.067749,0.040906,0.014619,0.013127,0.021734,0.017253,0.0020163,0.025909,0.0526,0.073154,0.081935,0.076474,0.057952,0.030667,0.0024849,0.026491,0.045382,0.054083,0.052579,0.042678,0.027487,0.013391,0.018303,0.031229,0.038777,0.037446,0.026843,0.013272,0.025131,0.048033,0.066734,0.076507,0.075756,0.06565,0.049497,0.031894,0.019428,0.021161,0.031108,0.040545,0.046627,0.048539,0.047502,0.046483,0.047144,0.047107,0.043101,0.037849,0.04456,0.066609,0.091248,0.10759,0.10923,0.095061,0.071431,0.028711
0.054492,0.10916,0.10936,0.1087,0.10593,0.099831,0.089735,0.076058,0.060755,0.047642,0.041262,0.041717,0.043318,0.041527,0.036596,0.035048,0.044729,0.06222,0.079827,0.092235,0.096357,0.091089,0.077223,0.057195,0.034688,0.014835,0.011267,0.018966,0.020983,0.016273,0.0069768,0.0056436,0.014837,0.019605,0.017581,0.0082519,0.0085669,0.028699,0.050215,0.069627,0.084125,0.092037,0.093216,0.089096,0.08229,0.075555,0.070271,0.065635,0.059725,0.05149,0.04228,0.036659,0.039335,0.047839,0.05617,0.060518,0.059337,0.0526,0.041235,0.026702,0.01142,0.012274,0.0292,0.046939,0.063444,0.077246,0.086917,0.091382,0.090293,0.08424,0.074685,0.063523,0.052291,0.041357,0.029869,0.017058,0.008823,0.021544,0.038334,0.052672,0.06173,0.06378,0.058426,0.046846,0.03206,0.020444,0.021468,0.028959,0.033088,0.031287,0.024672,0.018585,0.022191,0.032485,0.04166,0.046362,0.045751,0.040738,0.03375,0.028284,0.026894,0.02824,0.029108,0.02781,0.024507,0.020546,0.017768,0.017596,0.020263,0.025316,0.032077,0.039436,0.045952,0.050296,0.05169,0.050157,0.046537,0.042247,0.038842,0.037579,0.03917,0.043644,0.050117,0.05677,0.061288,0.061501,0.056019,0.044712,0.029067,0.013467,0.01408,0.025064,0.030975,0.029611,0.024251,0.027041,0.043178,0.062444,0.077159,0.082705,0.077019,0.061586,0.04523,0.049476,0.075625,0.10445,0.12565,0.13433,0.12887,0.11044,0.082711,0.05175,0.028896,0.032348,0.046168,0.053781,0.052882,0.045407,0.035195,0.026611,0.021877,0.018831,0.01536,0.015562,0.023672,0.034442,0.042793,0.046036,0.043903,0.039661,0.040584,0.050767,0.065108,0.077051,0.082571,0.080352,0.072066,0.062957,0.060756,0.068217,0.079042,0.085722,0.083893,0.072366,0.052968,0.03221,0.029259,0.047247,0.064812,0.073933,0.072166,0.059729,0.038912,0.013994,0.014586,0.035845,0.050107,0.054907,0.050375,0.039765,0.032306,0.040144,0.057612,0.074409,0.085737,0.089792,0.086628,0.077729,0.065879,0.055435,0.052044,0.058305,0.070344,0.08272,0.091649,0.095028,0.092361,0.084935,0.075848,0.069107,0.066912,0.067332,0.066478,0.062511,0.057986,0.059538,0.070882,0.087259,0.10144,0.10828,0.10536,0.093013,0.074336,0.05542,0.045119,0.047268,0.053565,0.056576,0.055173,0.052432,0.052541,0.05634,0.060551,0.061816,0.059391,0.055428,0.053341,0.054126,0.054601,0.050443,0.03944,0.024012,0.02209,0.042602,0.064844,0.080652,0.043164
0.055859,0.10188,0.075012,0.040827,0.033974,0.063128,0.086907,0.094436,0.084137,0.059795,0.033388,0.038277,0.06545,0.087264,0.097106,0.09447,0.082088,0.064912,0.049622,0.043429,0.047374,0.054562,0.059131,0.058241,0.050969,0.038334,0.025145,0.024456,0.037323,0.050167,0.057517,0.058537,0.055102,0.050573,0.047425,0.044991,0.040646,0.033139,0.025218,0.024827,0.03369,0.043879,0.050608,0.052436,0.049527,0.042505,0.031743,0.017629,0.0076111,0.023713,0.042992,0.059068,0.069185,0.072281,0.069394,0.063335,0.057126,0.051694,0.045547,0.037898,0.032791,0.03741,0.048977,0.058769,0.061299,0.05481,0.040966,0.025126,0.018473,0.024015,0.027859,0.026732,0.027248,0.036688,0.050111,0.05991,0.061907,0.055299,0.042085,0.025917,0.010815,0.010456,0.026853,0.048066,0.07139,0.092001,0.10425,0.10368,0.088646,0.061179,0.028395,0.023852,0.050802,0.069982,0.075345,0.067176,0.04945,0.029039,0.016817,0.019508,0.022514,0.022542,0.026824,0.037232,0.047094,0.05084,0.046218,0.034156,0.018603,0.010114,0.017071,0.021558,0.020299,0.019873,0.028849,0.042222,0.052703,0.056527,0.053061,0.044867,0.037535,0.03634,0.039158,0.039775,0.035298,0.027826,0.025389,0.033252,0.044,0.051171,0.052358,0.047643,0.038795,0.029197,0.025088,0.03152,0.04359,0.05496,0.061245,0.059198,0.047238,0.027299,0.019744,0.045579,0.073386,0.092537,0.098215,0.088904,0.066507,0.035911,0.0047049,0.024094,0.041648,0.048355,0.047598,0.046814,0.05092,0.055698,0.053956,0.041987,0.020628,0.0079777,0.033148,0.052172,0.059891,0.054965,0.039628,0.019706,0.011882,0.022947,0.028243,0.025033,0.019038,0.021949,0.030638,0.034536,0.029779,0.019557,0.022322,0.040983,0.05891,0.06967,0.071542,0.066259,0.058209,0.052765,0.053638,0.061414,0.074731,0.090604,0.10419,0.11,0.10391,0.084683,0.054713,0.020217,0.017314,0.040782,0.051089,0.045822,0.028496,0.0199,0.043141,0.068097,0.084246,0.089084,0.084205,0.074162,0.064453,0.05852,0.056205,0.056244,0.058459,0.062125,0.064507,0.062475,0.054987,0.044865,0.039597,0.044761,0.05482,0.062854,0.066671,0.067346,0.066759,0.065318,0.061564,0.053875,0.042224,0.028916,0.019135,0.018812,0.023494,0.027397,0.030294,0.033346,0.036664,0.039776,0.043114,0.047746,0.053349,0.057413,0.056797,0.04979,0.038163,0.031317,0.041692,0.061073,0.0787,0.08982,0.092866,0.088402,0.078436,0.065702,0.053098,0.043524,0.019922
0.069141,0.13324,0.11889,0.097369,0.071747,0.045453,0.021749,0.006769,0.016129,0.026563,0.034422,0.040227,0.043718,0.043928,0.039938,0.031536,0.019554,0.0068122,0.01144,0.023375,0.03213,0.036354,0.035924,0.031586,0.024669,0.016745,0.0096071,0.0073756,0.012614,0.020382,0.028902,0.037307,0.044673,0.050191,0.053424,0.054444,0.053785,0.052207,0.050327,0.048288,0.045719,0.042017,0.036783,0.030262,0.023961,0.021369,0.025158,0.032573,0.039783,0.04448,0.04543,0.042193,0.03507,0.025142,0.014904,0.012034,0.019991,0.029324,0.036699,0.041379,0.043444,0.043401,0.041919,0.039607,0.036843,0.033732,0.030187,0.026094,0.021458,0.016494,0.011636,0.007457,0.0044141,0.0022892,0.00073103,0.0037558,0.0082441,0.01311,0.017317,0.019826,0.019869,0.017218,0.012467,0.0078997,0.0087357,0.013274,0.016592,0.017205,0.015837,0.016084,0.021661,0.030639,0.039391,0.045344,0.04696,0.043743,0.036274,0.026233,0.016671,0.012804,0.015435,0.017692,0.016352,0.011239,0.0046245,0.0086733,0.017385,0.024453,0.028557,0.029391,0.027467,0.023939,0.020298,0.01794,0.017698,0.019731,0.023757,0.029037,0.034358,0.038313,0.03974,0.038161,0.034287,0.030624,0.031118,0.037186,0.045826,0.053484,0.05786,0.057825,0.053243,0.044857,0.034256,0.024202,0.019474,0.022786,0.029223,0.034659,0.037738,0.038315,0.036771,0.03372,0.029832,0.025755,0.022168,0.019956,0.020201,0.023451,0.029128,0.036073,0.043038,0.048782,0.052154,0.052265,0.048721,0.041892,0.033299,0.026306,0.025526,0.03068,0.036677,0.040087,0.039845,0.036778,0.033584,0.03393,0.038955,0.046042,0.052195,0.05586,0.056934,0.056367,0.055464,0.054985,0.054591,0.053183,0.049736,0.043885,0.036065,0.027325,0.019015,0.012629,0.010152,0.012733,0.018553,0.025941,0.033733,0.04079,0.046138,0.049183,0.049827,0.048425,0.045634,0.042225,0.03895,0.036497,0.035404,0.035809,0.037259,0.038911,0.040021,0.040344,0.04027,0.040584,0.041887,0.0441,0.046626,0.048997,0.051318,0.054135,0.057773,0.061698,0.064549,0.06475,0.061225,0.053992,0.044797,0.038007,0.039319,0.0485,0.059972,0.069521,0.075138,0.076269,0.073289,0.067061,0.058518,0.048414,0.037483,0.027363,0.022635,0.027754,0.038051,0.04784,0.054149,0.055507,0.051573,0.043079,0.031733,0.020116,0.012046,0.011313,0.013963,0.017137,0.023079,0.032808,0.044246,0.054417,0.06072,0.061436,0.056008,0.045131,0.030618,0.015061,0.001795,0.0083828,0.0058594
0.027148,0.053508,0.051176,0.047399,0.042338,0.036209,0.029282,0.021891,0.014514,0.008307,0.0073201,0.012171,0.018035,0.023503,0.028251,0.032217,0.035471,0.038179,0.040572,0.042901,0.045382,0.048129,0.051123,0.054206,0.057116,0.05954,0.061161,0.061701,0.060953,0.058803,0.055242,0.050375,0.044412,0.03766,0.030504,0.023384,0.016759,0.01108,0.0067743,0.004305,0.0041407,0.0060813,0.0098288,0.015302,0.022262,0.030295,0.038869,0.047386,0.055222,0.061778,0.066524,0.06904,0.069062,0.066511,0.061529,0.054523,0.046244,0.037959,0.031726,0.030024,0.033401,0.039576,0.046016,0.051127,0.054021,0.05425,0.051685,0.046445,0.038858,0.029416,0.018732,0.0074906,0.0037319,0.014093,0.023221,0.030727,0.036459,0.04051,0.04323,0.045192,0.047074,0.049454,0.052582,0.056282,0.060031,0.063153,0.064987,0.064995,0.062815,0.058289,0.051457,0.042546,0.031944,0.020168,0.0078539,0.0047593,0.016306,0.026726,0.035454,0.042132,0.046556,0.048678,0.04861,0.046613,0.043078,0.038506,0.033479,0.028619,0.024516,0.021581,0.019858,0.018997,0.018525,0.018194,0.018147,0.018877,0.020921,0.024447,0.029174,0.034601,0.040211,0.04554,0.050198,0.053864,0.056289,0.057293,0.056765,0.054668,0.051029,0.045946,0.039584,0.032173,0.024008,0.015472,0.0072629,0.0044955,0.010954,0.017574,0.023028,0.026943,0.029106,0.029419,0.027891,0.024649,0.019936,0.01414,0.0079974,0.0047569,0.009216,0.015277,0.020698,0.024867,0.027443,0.028227,0.027156,0.024297,0.019846,0.014121,0.0076132,0.0025577,0.0076401,0.014127,0.019829,0.024275,0.027179,0.028395,0.027935,0.025994,0.022999,0.019709,0.017343,0.01727,0.019756,0.023692,0.027846,0.031404,0.033896,0.035093,0.034943,0.03354,0.03109,0.027876,0.024209,0.02038,0.016609,0.013032,0.0097996,0.0075049,0.0077561,0.011187,0.016516,0.022805,0.029494,0.036104,0.042162,0.047209,0.050834,0.052702,0.052582,0.050367,0.046089,0.039913,0.03214,0.023192,0.013668,0.0052547,0.0082663,0.01667,0.024404,0.030768,0.035497,0.03851,0.03988,0.039832,0.03872,0.037011,0.035235,0.033903,0.033383,0.033794,0.035007,0.036747,0.038724,0.040706,0.04252,0.044024,0.045073,0.045498,0.045109,0.043703,0.041103,0.037178,0.031883,0.025288,0.017648,0.0098008,0.0069045,0.014096,0.023462,0.032709,0.041147,0.048331,0.053929,0.057716,0.059578,0.059516,0.057644,0.054181,0.049436,0.043788,0.03766,0.031497,0.02573,0.020759,0.016926,0.014502,0.0068359
0.051953,0.12159,0.15822,0.19864,0.22524,0.20877,0.13873,0.044539,0.02479,0.041562,0.10027,0.19653,0.24921,0.21692,0.11508,0.029184,0.080547,0.079621,0.048693,0.063632,0.072776,0.05158,0.039997,0.040519,0.025798,0.045514,0.065917,0.053306,0.044484,0.073995,0.078684,0.042679,0.038356,0.085661,0.10439,0.094208,0.072378,0.047801,0.032316,0.044845,0.049799,0.045593,0.074671,0.1104,0.11466,0.080721,0.044707,0.07842,0.11561,0.1225,0.1013,0.068374,0.043972,0.041075,0.058871,0.079986,0.083715,0.06693,0.059824,0.075501,0.077762,0.068916,0.086387,0.11266,0.11697,0.10307,0.084964,0.057296,0.032068,0.0722,0.10767,0.10635,0.078335,0.060249,0.060172,0.053165,0.05496,0.076025,0.092844,0.094338,0.074363,0.031202,0.049075,0.10718,0.13251,0.11234,0.06077,0.008722,0.035369,0.062028,0.080641,0.078396,0.044683,0.013288,0.073731,0.11977,0.14349,0.14401,0.12748,0.11611,0.12475,0.12613,0.098083,0.060021,0.058941,0.058958,0.023122,0.033807,0.075906,0.076647,0.035489,0.021903,0.060689,0.059409,0.029184,0.056553,0.10453,0.12913,0.1254,0.099675,0.063448,0.036154,0.040675,0.053903,0.061503,0.063451,0.056672,0.042191,0.035707,0.042914,0.044812,0.038788,0.034168,0.026753,0.011682,0.035863,0.065433,0.07487,0.062272,0.054923,0.073682,0.086161,0.074841,0.046977,0.02304,0.017888,0.017422,0.027475,0.046278,0.063197,0.071203,0.064871,0.050725,0.056472,0.075669,0.07612,0.048439,0.012863,0.047132,0.07463,0.082316,0.07698,0.066053,0.050986,0.029971,0.011682,0.04,0.069111,0.078656,0.061556,0.025887,0.0095068,0.028125,0.035274,0.047969,0.056025,0.052011,0.066424,0.098461,0.10857,0.081663,0.039964,0.048874,0.0634,0.04906,0.037496,0.047718,0.036425,0.019499,0.06743,0.10221,0.10174,0.069321,0.023858,0.03782,0.086713,0.12665,0.14106,0.12317,0.099812,0.12224,0.163,0.17596,0.15141,0.10362,0.056526,0.030139,0.021498,0.015214,0.025055,0.047202,0.070203,0.087785,0.094265,0.08552,0.06148,0.032474,0.037983,0.064092,0.079315,0.083986,0.084973,0.078235,0.053017,0.01594,0.046618,0.07458,0.064417,0.018235,0.062776,0.12572,0.15111,0.12596,0.061592,0.036641,0.092925,0.11256,0.083823,0.019583,0.056573,0.11422,0.13576,0.11834,0.077428,0.048726,0.055362,0.054987,0.032935,0.021243,0.043592,0.048739,0.030724,0.027192,0.056495,0.072151,0.067551,0.030078
0.0070312,0.027999,0.043946,0.050015,0.045195,0.033113,0.021472,0.020623,0.026027,0.02666,0.018441,0.0043579,0.02278,0.043887,0.055416,0.051225,0.031964,0.024442,0.055277,0.084569,0.098936,0.097031,0.086007,0.07574,0.067747,0.055208,0.039438,0.042985,0.065289,0.081545,0.083465,0.077483,0.078568,0.089267,0.0957,0.088347,0.068828,0.046697,0.03099,0.018554,0.0094302,0.030311,0.051319,0.057838,0.043428,0.015058,0.04369,0.088347,0.12039,0.13203,0.12322,0.10035,0.072996,0.049905,0.035965,0.031765,0.034963,0.041647,0.04822,0.052034,0.050891,0.043758,0.034221,0.034559,0.047736,0.059808,0.061637,0.051038,0.031278,0.0091123,0.0083357,0.016718,0.01886,0.026195,0.04156,0.056995,0.066628,0.068139,0.062716,0.055892,0.056676,0.067215,0.078722,0.08292,0.077868,0.069113,0.066267,0.070469,0.072043,0.064066,0.048375,0.035641,0.036728,0.043974,0.050831,0.060508,0.072651,0.07975,0.074836,0.056719,0.031016,0.01276,0.02059,0.028145,0.041015,0.06801,0.099139,0.12134,0.12561,0.10896,0.074708,0.030955,0.012923,0.046588,0.065183,0.066902,0.054412,0.035438,0.029453,0.046605,0.066811,0.083057,0.096519,0.10954,0.12077,0.12473,0.11565,0.091285,0.054713,0.013716,0.021625,0.042131,0.042951,0.027617,0.029546,0.064004,0.097343,0.11619,0.11405,0.089941,0.04834,0.0062105,0.050543,0.084562,0.097894,0.089651,0.066366,0.04102,0.027586,0.020932,0.012552,0.035389,0.068598,0.093139,0.098892,0.083363,0.052434,0.018248,0.010975,0.020909,0.023428,0.037144,0.056907,0.068641,0.070254,0.075541,0.097542,0.12537,0.1431,0.14526,0.13776,0.13066,0.12502,0.11104,0.080953,0.03805,0.022404,0.056886,0.076314,0.075545,0.064086,0.060481,0.069847,0.077302,0.073825,0.060797,0.044952,0.032584,0.024281,0.016422,0.0092009,0.015542,0.032471,0.052183,0.069433,0.078332,0.074583,0.057731,0.03222,0.014123,0.03086,0.047231,0.054576,0.054229,0.049718,0.044376,0.039652,0.034611,0.027963,0.02413,0.034436,0.054418,0.073873,0.087349,0.094042,0.096971,0.099117,0.099044,0.091887,0.074202,0.046947,0.01612,0.019324,0.041913,0.055349,0.059623,0.058551,0.057531,0.05972,0.063237,0.06401,0.06001,0.052873,0.047236,0.047553,0.054166,0.063773,0.07087,0.06818,0.049268,0.014609,0.043125,0.097307,0.14016,0.15788,0.14325,0.098241,0.034468,0.038941,0.095192,0.12942,0.13748,0.12344,0.096117,0.065034,0.037762,0.012109
0.0080078,0.027204,0.042483,0.052096,0.055431,0.054219,0.049408,0.040181,0.025792,0.0085311,0.015096,0.03183,0.042704,0.044791,0.037166,0.022778,0.021111,0.041814,0.061967,0.073644,0.076733,0.076614,0.077753,0.076287,0.064025,0.037226,0.00039783,0.039079,0.069108,0.085385,0.091925,0.098398,0.1072,0.10924,0.096014,0.068818,0.041816,0.036239,0.03713,0.021065,0.01219,0.050376,0.077186,0.079336,0.052233,0.003876,0.057629,0.10851,0.13768,0.14025,0.12114,0.092092,0.065352,0.046122,0.032262,0.025325,0.027768,0.02978,0.027503,0.031659,0.04627,0.059254,0.062938,0.058413,0.054141,0.056585,0.060432,0.058127,0.048263,0.033947,0.019525,0.018027,0.036888,0.059154,0.075385,0.07983,0.072413,0.061228,0.059192,0.066839,0.072522,0.070471,0.062555,0.052604,0.042803,0.039892,0.054757,0.078664,0.096048,0.096847,0.078476,0.048467,0.036505,0.060549,0.083233,0.093085,0.092667,0.087823,0.080133,0.065844,0.042108,0.011597,0.020181,0.04473,0.061354,0.075969,0.095409,0.11659,0.129,0.12351,0.097152,0.054401,0.015827,0.049471,0.080968,0.091844,0.080942,0.055041,0.037146,0.057377,0.08606,0.10438,0.10988,0.10714,0.10283,0.098975,0.091031,0.073891,0.047594,0.01904,0.014843,0.025604,0.022195,0.014414,0.037602,0.069304,0.094939,0.10772,0.10464,0.085735,0.053907,0.020175,0.039918,0.07486,0.096119,0.097697,0.080551,0.052188,0.025106,0.014603,0.015789,0.024925,0.048036,0.072034,0.085099,0.081711,0.064226,0.042245,0.028479,0.023882,0.017551,0.016679,0.028639,0.039696,0.051815,0.076549,0.11195,0.14433,0.1614,0.15871,0.14178,0.1226,0.10831,0.09247,0.065143,0.025816,0.019859,0.053177,0.067731,0.062034,0.051456,0.06337,0.088413,0.10351,0.1002,0.080985,0.055912,0.038813,0.034292,0.028701,0.013135,0.011759,0.040293,0.066464,0.084584,0.090927,0.084733,0.068983,0.051041,0.042423,0.047681,0.056803,0.062441,0.062465,0.056179,0.043499,0.026575,0.016679,0.028571,0.042976,0.05195,0.056912,0.064102,0.078537,0.097615,0.11392,0.12033,0.11258,0.090543,0.058533,0.025051,0.016557,0.033701,0.042444,0.042766,0.039683,0.038408,0.042151,0.050947,0.061329,0.068349,0.068625,0.062317,0.053109,0.046094,0.044719,0.048941,0.054614,0.054182,0.040055,0.00989,0.037945,0.087187,0.12657,0.1431,0.12982,0.088601,0.029728,0.032657,0.08285,0.11243,0.11966,0.10921,0.088106,0.061547,0.031766,0.00058594
0.10801,0.20007,0.15649,0.096741,0.036207,0.010867,0.033905,0.03286,0.025343,0.047114,0.076544,0.092595,0.087197,0.060716,0.023106,0.032535,0.066939,0.085463,0.083061,0.062107,0.030422,0.0086077,0.029768,0.040007,0.03492,0.017853,0.0045712,0.024904,0.037512,0.04032,0.035795,0.030714,0.031123,0.033669,0.031801,0.023122,0.0093319,0.010198,0.026122,0.039421,0.048165,0.05164,0.049726,0.043229,0.035054,0.031191,0.035162,0.041428,0.043969,0.041262,0.036182,0.034088,0.036167,0.037365,0.034266,0.030625,0.036476,0.051166,0.064956,0.071265,0.067664,0.055618,0.040474,0.031274,0.032818,0.036516,0.035258,0.02823,0.017949,0.0089756,0.0085539,0.012725,0.016441,0.02092,0.027147,0.03447,0.041505,0.046627,0.048087,0.044433,0.035197,0.021434,0.0063881,0.011052,0.021971,0.02801,0.029981,0.031106,0.034051,0.037842,0.039705,0.038286,0.034481,0.030591,0.028714,0.030066,0.035612,0.04498,0.055235,0.062231,0.062522,0.054669,0.039895,0.022677,0.015601,0.025256,0.034361,0.038374,0.038212,0.035741,0.031781,0.025924,0.017976,0.0090914,0.0014749,0.0034207,0.0075032,0.015159,0.025637,0.034915,0.038815,0.034549,0.021802,0.0054827,0.020635,0.039193,0.050928,0.053542,0.047881,0.038205,0.031873,0.033669,0.038826,0.04208,0.042865,0.043277,0.045058,0.047691,0.049351,0.0487,0.045492,0.040334,0.034296,0.028557,0.024077,0.021538,0.021742,0.025303,0.031363,0.037958,0.043408,0.047061,0.049169,0.049954,0.048714,0.044247,0.036671,0.029918,0.031079,0.038565,0.043498,0.04032,0.028105,0.013454,0.023066,0.040869,0.050392,0.047026,0.030457,0.006433,0.027925,0.054505,0.07088,0.072762,0.060027,0.038408,0.028449,0.046557,0.065238,0.071454,0.062273,0.040136,0.014003,0.02403,0.044184,0.052603,0.04951,0.044882,0.053122,0.069853,0.081296,0.080715,0.070381,0.062769,0.070827,0.086342,0.094053,0.086936,0.066617,0.043773,0.039018,0.050206,0.055027,0.046784,0.030695,0.026575,0.041041,0.052276,0.052275,0.041602,0.0252,0.0099571,0.004567,0.0063721,0.010912,0.020084,0.027768,0.03,0.028577,0.031683,0.041103,0.047431,0.042438,0.023135,0.0080496,0.043801,0.074944,0.092893,0.092795,0.075186,0.045928,0.014521,0.011436,0.022487,0.021773,0.025186,0.043253,0.061159,0.067974,0.059462,0.037572,0.012727,0.025616,0.044016,0.050071,0.045116,0.038734,0.042201,0.050449,0.052201,0.043058,0.024615,0.0036385,0.020698,0.037039,0.046579,0.024805
0.075,0.13926,0.10943,0.067963,0.034748,0.051278,0.081481,0.10015,0.10553,0.10244,0.096791,0.090022,0.078251,0.057721,0.029782,0.011994,0.031841,0.043763,0.040297,0.029596,0.040666,0.069188,0.092783,0.10159,0.093103,0.07122,0.046519,0.037996,0.049324,0.061075,0.06632,0.065474,0.059323,0.047169,0.028415,0.0056224,0.021216,0.041802,0.053824,0.055573,0.04918,0.040223,0.034899,0.033735,0.032024,0.027843,0.024161,0.024684,0.027747,0.030037,0.031213,0.032281,0.032799,0.030991,0.02599,0.019169,0.013861,0.012427,0.012921,0.014305,0.017085,0.018919,0.01618,0.0075476,0.011072,0.028885,0.045282,0.055302,0.056314,0.048677,0.03568,0.022505,0.014202,0.01176,0.013707,0.020534,0.028409,0.032114,0.028316,0.016613,0.006863,0.025555,0.046199,0.06345,0.075037,0.079158,0.074214,0.059726,0.039292,0.031502,0.05274,0.078467,0.095132,0.097869,0.086399,0.064175,0.037471,0.016741,0.020458,0.029702,0.032807,0.03391,0.040238,0.051224,0.05953,0.058736,0.045843,0.022017,0.0098887,0.038198,0.058176,0.063521,0.053233,0.034265,0.031351,0.050986,0.065778,0.06509,0.047969,0.023137,0.032081,0.062952,0.086949,0.098896,0.099507,0.092824,0.083454,0.073621,0.062434,0.048254,0.031399,0.015496,0.010588,0.014744,0.014905,0.017807,0.033056,0.05295,0.06911,0.075758,0.070193,0.053472,0.03037,0.011616,0.019406,0.028385,0.029162,0.02522,0.023367,0.025462,0.026294,0.022588,0.015023,0.0070432,0.0074269,0.013537,0.018398,0.020013,0.016431,0.0070248,0.0099252,0.026508,0.040732,0.048894,0.050702,0.049577,0.049265,0.048301,0.041329,0.025498,0.010691,0.030759,0.052333,0.063619,0.062005,0.049863,0.033294,0.019939,0.017227,0.025871,0.040071,0.053663,0.060469,0.057626,0.049417,0.048105,0.058277,0.068618,0.0713,0.067646,0.063792,0.061386,0.054353,0.038453,0.025002,0.040438,0.061139,0.068726,0.060849,0.048052,0.04918,0.058629,0.056128,0.034373,0.0049766,0.040928,0.066052,0.066932,0.042388,0.028715,0.074631,0.11768,0.13681,0.12594,0.090126,0.04322,0.010573,0.027717,0.032071,0.03295,0.049975,0.068249,0.072163,0.061506,0.055773,0.072239,0.089606,0.087437,0.060893,0.021661,0.041382,0.077553,0.09222,0.081766,0.05313,0.021361,0.01742,0.025645,0.023326,0.024593,0.033297,0.033497,0.022766,0.034604,0.067377,0.09129,0.09208,0.065723,0.019409,0.033556,0.071793,0.082446,0.060704,0.014341,0.042824,0.087076,0.051953
0.064062,0.12388,0.11176,0.093472,0.071385,0.047991,0.025315,0.0046179,0.014203,0.030706,0.044991,0.056317,0.063499,0.065362,0.061268,0.051462,0.037177,0.020561,0.0061679,0.013438,0.023707,0.029199,0.029465,0.025205,0.017886,0.0098393,0.0073033,0.013254,0.019927,0.025577,0.030184,0.03392,0.036828,0.03885,0.039983,0.040402,0.040448,0.040485,0.040723,0.041097,0.041282,0.0408,0.039187,0.036188,0.032029,0.02777,0.025496,0.027026,0.031525,0.036405,0.039491,0.039545,0.036218,0.030034,0.022598,0.017463,0.019226,0.026121,0.033789,0.040284,0.044984,0.047783,0.048751,0.047956,0.045405,0.041073,0.034983,0.027299,0.018458,0.0096552,0.007098,0.014176,0.021737,0.027529,0.031019,0.03234,0.032185,0.031553,0.031193,0.031038,0.030256,0.027902,0.02353,0.017547,0.011812,0.010922,0.015921,0.022239,0.028035,0.033133,0.03771,0.041641,0.044299,0.044796,0.042426,0.037019,0.029087,0.01976,0.010517,0.0027561,0.0029481,0.0073564,0.012873,0.020874,0.030627,0.040376,0.048262,0.052828,0.053337,0.049943,0.043707,0.036472,0.030543,0.027821,0.028499,0.031397,0.0356,0.040653,0.045831,0.049884,0.051376,0.049169,0.042812,0.032832,0.021395,0.015611,0.023109,0.034651,0.044184,0.049762,0.050823,0.047732,0.041683,0.034733,0.029785,0.029384,0.033035,0.038014,0.042239,0.044814,0.045621,0.045002,0.043561,0.04207,0.041372,0.042237,0.045103,0.049862,0.055877,0.062162,0.067557,0.070881,0.071084,0.067432,0.059698,0.048344,0.034749,0.022001,0.017405,0.023808,0.031817,0.037107,0.039578,0.041377,0.045505,0.053145,0.062546,0.070801,0.075542,0.07561,0.071279,0.06431,0.057685,0.054424,0.055243,0.057836,0.059166,0.057365,0.052059,0.04409,0.035228,0.028008,0.025079,0.026823,0.03083,0.034921,0.038076,0.039894,0.040234,0.039136,0.03687,0.033976,0.031243,0.029584,0.029698,0.031631,0.034687,0.037778,0.039805,0.039913,0.037728,0.033593,0.028795,0.025481,0.025254,0.02707,0.028352,0.027411,0.024398,0.021883,0.023933,0.030594,0.037893,0.042417,0.042177,0.036563,0.026811,0.018883,0.02537,0.041352,0.057699,0.070782,0.078858,0.08127,0.078239,0.070662,0.059897,0.047634,0.036126,0.028937,0.02971,0.036584,0.044624,0.050589,0.052743,0.050335,0.0435,0.033266,0.021531,0.01137,0.0084168,0.010683,0.010027,0.0051506,0.0073926,0.019417,0.032054,0.04231,0.047893,0.047382,0.040528,0.028466,0.014472,0.012009,0.02376,0.033263,0.018359
0.17012,0.30436,0.2092,0.087317,0.022152,0.08532,0.090892,0.050327,0.034336,0.084478,0.10855,0.09466,0.05612,0.037742,0.059172,0.063824,0.041232,0.020954,0.05585,0.083512,0.085955,0.062347,0.026634,0.045302,0.088156,0.11656,0.12238,0.10509,0.070571,0.029888,0.016403,0.039098,0.050017,0.049932,0.044706,0.038723,0.034605,0.035724,0.04031,0.040292,0.030589,0.017661,0.028505,0.047414,0.056464,0.05211,0.038046,0.022109,0.0099557,0.0056603,0.024958,0.050477,0.073998,0.088139,0.08906,0.077647,0.058524,0.037913,0.022535,0.020348,0.028657,0.038879,0.047641,0.052321,0.050312,0.040699,0.028237,0.030611,0.04945,0.067535,0.076915,0.075083,0.063366,0.047501,0.039834,0.047738,0.057669,0.057456,0.043599,0.022584,0.028397,0.052578,0.067158,0.06609,0.051576,0.033831,0.031289,0.041485,0.046916,0.042845,0.030993,0.017738,0.021433,0.037818,0.051586,0.058114,0.057284,0.052592,0.048089,0.04347,0.034826,0.020569,0.008125,0.018763,0.02884,0.03158,0.030193,0.03135,0.03643,0.040944,0.042609,0.042179,0.040139,0.035419,0.028111,0.02275,0.024418,0.02795,0.026978,0.021166,0.015187,0.013827,0.014673,0.020068,0.03467,0.052664,0.066001,0.068691,0.058979,0.041879,0.033336,0.042338,0.048504,0.038525,0.011043,0.033166,0.07826,0.11483,0.13279,0.12757,0.10156,0.063375,0.026855,0.022658,0.038199,0.046517,0.051201,0.056568,0.061735,0.065277,0.068698,0.07309,0.075501,0.071272,0.058184,0.038637,0.024784,0.036861,0.057123,0.071112,0.074463,0.067567,0.055706,0.047028,0.043794,0.040014,0.037143,0.04802,0.068242,0.081775,0.078587,0.057372,0.030564,0.040599,0.068792,0.08406,0.080732,0.062071,0.03719,0.022844,0.030834,0.039815,0.042187,0.041667,0.046168,0.057799,0.06949,0.07365,0.066707,0.050136,0.030711,0.022152,0.028824,0.034802,0.034758,0.028971,0.020047,0.020136,0.035318,0.050837,0.057628,0.051993,0.036229,0.021845,0.026305,0.034024,0.032882,0.02935,0.037739,0.051477,0.056654,0.047194,0.025363,0.020996,0.050293,0.075368,0.087369,0.084442,0.069961,0.053585,0.051316,0.064904,0.077832,0.078626,0.062731,0.032025,0.019195,0.056539,0.085425,0.094106,0.080315,0.051811,0.035932,0.05509,0.072635,0.073348,0.058815,0.037678,0.020072,0.012059,0.015909,0.028514,0.040471,0.044355,0.037762,0.024895,0.016577,0.01735,0.016051,0.016605,0.02787,0.038842,0.040905,0.032466,0.017765,0.0042943,0.00058594
0.076367,0.14272,0.11547,0.078727,0.044131,0.026583,0.025413,0.019318,0.015432,0.036956,0.06125,0.075554,0.073554,0.05414,0.023054,0.026398,0.061352,0.0864,0.094229,0.083517,0.058407,0.031351,0.035661,0.060078,0.07767,0.084032,0.081402,0.074624,0.067501,0.059895,0.048942,0.032895,0.013917,0.013907,0.030904,0.042749,0.046661,0.04303,0.034113,0.022934,0.012383,0.008226,0.016125,0.027191,0.0376,0.044748,0.046493,0.041862,0.03149,0.017865,0.0092677,0.018079,0.028151,0.034267,0.03631,0.035733,0.034703,0.034897,0.036351,0.037693,0.037348,0.034296,0.028257,0.019695,0.0099324,0.0051609,0.012469,0.019164,0.022558,0.021823,0.01668,0.0074745,0.0062601,0.02092,0.036073,0.049378,0.058953,0.063704,0.063761,0.060624,0.056712,0.053982,0.052317,0.049645,0.043741,0.033638,0.020062,0.0076284,0.015781,0.028886,0.038259,0.042325,0.041095,0.036349,0.032177,0.033426,0.039824,0.04667,0.050546,0.050702,0.048733,0.047371,0.047858,0.048246,0.045216,0.036624,0.022471,0.0048508,0.01354,0.028478,0.037492,0.039346,0.034923,0.027513,0.022746,0.024149,0.027658,0.029201,0.028899,0.029567,0.03302,0.037433,0.039739,0.03822,0.033075,0.026305,0.021411,0.021403,0.025027,0.029326,0.032774,0.034522,0.033692,0.029642,0.02286,0.016537,0.017179,0.02329,0.027536,0.026235,0.018817,0.011098,0.021437,0.038976,0.0541,0.062901,0.063353,0.055268,0.040226,0.021133,0.0016517,0.015677,0.028117,0.035461,0.038795,0.039982,0.040334,0.039823,0.03772,0.03388,0.029466,0.026746,0.02767,0.032201,0.038912,0.045937,0.050798,0.050617,0.043027,0.027402,0.0098406,0.027164,0.052489,0.071505,0.078915,0.071962,0.051024,0.020518,0.021208,0.054578,0.080492,0.093467,0.092153,0.079151,0.061225,0.048996,0.049382,0.054616,0.055053,0.04794,0.0354,0.022377,0.014903,0.013171,0.01067,0.011388,0.02278,0.037413,0.049832,0.056964,0.057576,0.052158,0.04241,0.030423,0.017916,0.0063669,0.0075989,0.017347,0.025214,0.029764,0.030562,0.028646,0.026933,0.028761,0.034085,0.039967,0.043901,0.044542,0.041256,0.033853,0.023116,0.014723,0.022828,0.038595,0.052026,0.058751,0.056371,0.044569,0.025877,0.013789,0.031014,0.050149,0.062063,0.064984,0.060714,0.054726,0.054121,0.060422,0.067874,0.070793,0.066824,0.056568,0.042637,0.028617,0.018066,0.013273,0.013892,0.018934,0.027287,0.036512,0.043957,0.047701,0.046938,0.042032,0.034405,0.026654,0.011523
0.017187,0.048689,0.074751,0.092583,0.088039,0.060013,0.052138,0.099107,0.13868,0.14155,0.1018,0.032172,0.047882,0.106,0.12807,0.11047,0.063983,0.010416,0.042965,0.071581,0.079621,0.075458,0.072631,0.077288,0.080936,0.072291,0.046322,0.0085266,0.043995,0.087399,0.11821,0.1327,0.13167,0.11686,0.088999,0.050649,0.023353,0.054359,0.08744,0.10631,0.1122,0.11198,0.11208,0.11486,0.11969,0.12358,0.12125,0.10876,0.088366,0.068592,0.054431,0.037266,0.0069256,0.036455,0.081494,0.11487,0.12663,0.11506,0.087533,0.058461,0.043564,0.041528,0.036883,0.026401,0.023086,0.037698,0.055731,0.068133,0.070854,0.062874,0.046031,0.024431,0.012566,0.032049,0.05373,0.069506,0.075316,0.069412,0.054021,0.038857,0.045556,0.073295,0.10489,0.13028,0.14178,0.13436,0.10791,0.068283,0.026033,0.012514,0.031644,0.040667,0.053811,0.079509,0.10768,0.12609,0.12753,0.11075,0.07981,0.042269,0.0078421,0.022264,0.0382,0.043938,0.043186,0.039782,0.036287,0.037964,0.052556,0.078396,0.108,0.13447,0.1524,0.15819,0.15058,0.13109,0.10422,0.076862,0.056406,0.04688,0.046184,0.050429,0.055953,0.057934,0.052628,0.040052,0.024972,0.018726,0.026939,0.038086,0.047323,0.052044,0.050557,0.045728,0.045635,0.051985,0.055622,0.050757,0.04381,0.050915,0.069001,0.082593,0.08464,0.075857,0.060656,0.04271,0.023895,0.015726,0.032257,0.050812,0.065415,0.077772,0.090287,0.1016,0.10823,0.10892,0.10563,0.10041,0.093222,0.085012,0.081256,0.085833,0.091712,0.087873,0.069512,0.0424,0.031968,0.04937,0.061259,0.06009,0.058743,0.072681,0.090549,0.093516,0.073336,0.03516,0.031066,0.072254,0.099486,0.10466,0.091905,0.072264,0.056893,0.050454,0.051855,0.056015,0.053284,0.036704,0.020958,0.049699,0.080478,0.090128,0.071311,0.028336,0.024929,0.070913,0.095861,0.095858,0.079119,0.062963,0.058244,0.054419,0.040981,0.020041,0.0059933,0.019126,0.033074,0.05107,0.069618,0.079782,0.07557,0.059177,0.046445,0.057409,0.077068,0.087193,0.082673,0.065922,0.043324,0.023064,0.01795,0.028041,0.038569,0.0452,0.04718,0.046783,0.047334,0.048212,0.04583,0.040565,0.039419,0.045316,0.050057,0.046939,0.035883,0.020867,0.005939,0.012456,0.028617,0.040368,0.040758,0.026533,0.011688,0.034873,0.052801,0.050112,0.024758,0.016668,0.056353,0.081174,0.083427,0.069688,0.062262,0.073048,0.083419,0.083629,0.040625
0.089453,0.17043,0.14664,0.11208,0.073156,0.03686,0.010665,0.012943,0.01938,0.022411,0.029613,0.040708,0.049661,0.051883,0.045572,0.031665,0.014542,0.015624,0.033071,0.048165,0.05865,0.064912,0.067999,0.068385,0.065533,0.058503,0.046951,0.031733,0.015013,0.0053516,0.016439,0.025189,0.029637,0.031074,0.031853,0.033922,0.037517,0.041637,0.045231,0.047496,0.047627,0.044795,0.03853,0.029325,0.01945,0.014625,0.01818,0.022386,0.022255,0.016766,0.0075722,0.0086026,0.019874,0.028584,0.032046,0.029407,0.021647,0.013252,0.016306,0.027515,0.037467,0.043341,0.044487,0.041428,0.035397,0.027876,0.020222,0.013445,0.0081417,0.0044453,0.0021031,0.0027183,0.0061218,0.01017,0.013675,0.015512,0.014981,0.012407,0.010292,0.012624,0.017813,0.0221,0.023673,0.022447,0.020064,0.0192,0.020488,0.02118,0.018334,0.01069,0.0036046,0.01788,0.033954,0.048424,0.059489,0.066435,0.069552,0.069563,0.066842,0.061036,0.0515,0.038259,0.023187,0.013882,0.020659,0.029569,0.032782,0.029143,0.021347,0.019015,0.028725,0.040672,0.048631,0.050948,0.048954,0.046169,0.045804,0.047242,0.046754,0.041325,0.030804,0.01994,0.021807,0.034032,0.044321,0.048243,0.044985,0.035997,0.024463,0.014934,0.011745,0.012273,0.013867,0.020846,0.033588,0.048203,0.061114,0.069779,0.072867,0.070266,0.062864,0.052272,0.040771,0.031784,0.029522,0.033855,0.039578,0.042509,0.040694,0.033842,0.023003,0.01025,0.0027223,0.011737,0.016745,0.017059,0.013801,0.0097978,0.0090084,0.010564,0.010525,0.0081405,0.0069301,0.010703,0.014771,0.015366,0.011035,0.0048071,0.014639,0.029245,0.04219,0.050283,0.051411,0.044918,0.031794,0.014891,0.0093107,0.024564,0.037066,0.043687,0.044098,0.039474,0.032139,0.025107,0.021007,0.019857,0.019101,0.016691,0.012065,0.0059425,0.0059422,0.014819,0.025051,0.03532,0.044842,0.052972,0.059231,0.063293,0.064904,0.063811,0.05979,0.052797,0.043197,0.032049,0.021759,0.017473,0.02179,0.028456,0.033092,0.034195,0.031451,0.025256,0.016569,0.006995,0.0049643,0.012505,0.018507,0.022833,0.02715,0.033362,0.041715,0.050705,0.058485,0.063973,0.06735,0.069914,0.07312,0.077231,0.080864,0.08191,0.078774,0.071109,0.059971,0.047589,0.036833,0.030132,0.027671,0.027451,0.027985,0.029067,0.030532,0.031551,0.031145,0.028859,0.02494,0.020009,0.014522,0.0084652,0.0024541,0.0075229,0.015823,0.023356,0.02874,0.031168,0.030819,0.029089,0.014063
0.026172,0.051548,0.048431,0.041664,0.031086,0.019942,0.018529,0.027432,0.034515,0.034665,0.027095,0.01527,0.015926,0.030584,0.042698,0.047142,0.042318,0.029027,0.010005,0.011155,0.030466,0.045613,0.056171,0.063894,0.071416,0.079969,0.088318,0.093979,0.094962,0.090641,0.081778,0.070059,0.057482,0.045842,0.0364,0.029723,0.025883,0.025387,0.029433,0.037815,0.048069,0.056871,0.061127,0.05869,0.048936,0.033093,0.014834,0.01235,0.027425,0.039267,0.046078,0.049249,0.05087,0.05154,0.049681,0.043166,0.031301,0.016112,0.0098027,0.021664,0.031243,0.035519,0.037492,0.042653,0.052059,0.060652,0.062766,0.055216,0.037976,0.01413,0.013071,0.035314,0.04966,0.05346,0.047325,0.035269,0.025103,0.024555,0.027898,0.026895,0.02063,0.014595,0.018014,0.02698,0.037922,0.053719,0.075378,0.098785,0.11716,0.12402,0.11527,0.090752,0.055776,0.031709,0.054367,0.084665,0.10214,0.1028,0.088885,0.068017,0.052976,0.052739,0.057359,0.054372,0.040696,0.023621,0.030804,0.054993,0.075576,0.086971,0.0885,0.082622,0.073643,0.065691,0.060372,0.056343,0.05155,0.045087,0.037205,0.028815,0.022045,0.02117,0.026813,0.033388,0.036253,0.033024,0.023316,0.0088127,0.0091443,0.024308,0.034964,0.038926,0.036212,0.02922,0.02257,0.020319,0.019916,0.016395,0.011456,0.01938,0.036223,0.052648,0.063915,0.067178,0.061575,0.048309,0.030327,0.011742,0.0053759,0.013815,0.014563,0.0070676,0.0073993,0.025456,0.043983,0.059611,0.069778,0.073118,0.069625,0.06056,0.04816,0.035251,0.024787,0.018748,0.015925,0.012865,0.0076042,0.00023139,0.00842,0.016608,0.022886,0.026005,0.025334,0.02138,0.017026,0.018428,0.026239,0.03498,0.041537,0.045788,0.050565,0.060021,0.075381,0.093714,0.11063,0.12237,0.12671,0.12323,0.11334,0.099676,0.085194,0.07179,0.059343,0.046153,0.030701,0.014653,0.017891,0.038023,0.058028,0.073823,0.083013,0.08422,0.077236,0.063124,0.044114,0.023288,0.0048296,0.012338,0.021554,0.024827,0.02369,0.021548,0.022218,0.026683,0.033988,0.044336,0.058122,0.074173,0.08983,0.102,0.10812,0.10673,0.097669,0.081921,0.061269,0.038208,0.018541,0.023561,0.043261,0.061224,0.073875,0.079557,0.077623,0.068469,0.053512,0.035073,0.017084,0.014383,0.028483,0.042168,0.052834,0.060376,0.065172,0.06755,0.067503,0.064691,0.05874,0.049748,0.038904,0.029247,0.025574,0.028473,0.032038,0.031818,0.026574,0.017732,0.0058594
255.5,162.98,81.489,54.328,40.748,32.6,27.169,23.289,20.38,18.118,16.308,14.827,13.594,12.55,11.655,10.88,10.202,9.6042,9.0726,8.5971,8.1692,7.7822,7.4305,7.1094,6.8152,6.5446,6.2949,6.0638,5.8493,5.6496,5.4633,5.2891,5.1258,4.9725,4.8283,4.6924,4.5641,4.4428,4.3279,4.219,4.1156,4.0172,3.9236,3.8344,3.7494,3.6681,3.5904,3.5161,3.4449,3.3767,3.3112,3.2483,3.1879,3.1299,3.074,3.0202,2.9683,2.9183,2.8701,2.8236,2.7786,2.7351,2.6931,2.6525,2.6131,2.575,2.5381,2.5024,2.4677,2.434,2.4014,2.3697,2.3389,2.309,2.2799,2.2516,2.2241,2.1974,2.1714,2.146,2.1214,2.0973,2.0739,2.0511,2.0288,2.0071,1.9859,1.9653,1.9451,1.9255,1.9063,1.8875,1.8692,1.8513,1.8338,1.8167,1.8,1.7836,1.7676,1.752,1.7367,1.7217,1.7071,1.6927,1.6787,1.665,1.6515,1.6383,1.6254,1.6128,1.6004,1.5882,1.5763,1.5646,1.5532,1.542,1.531,1.5202,1.5096,1.4993,1.4891,1.4791,1.4693,1.4597,1.4502,1.441,1.4319,1.423,1.4142,1.4056,1.3972,1.3889,1.3807,1.3728,1.3649,1.3572,1.3496,1.3422,1.3349,1.3277,1.3206,1.3137,1.3069,1.3002,1.2936,1.2872,1.2808,1.2746,1.2685,1.2625,1.2565,1.2507,1.245,1.2394,1.2339,1.2284,1.2231,1.2179,1.2127,1.2077,1.2027,1.1978,1.193,1.1883,1.1836,1.1791,1.1746,1.1702,1.1659,1.1616,1.1574,1.1533,1.1493,1.1454,1.1415,1.1376,1.1339,1.1302,1.1266,1.123,1.1195,1.1161,1.1127,1.1094,1.1062,1.103,1.0999,1.0968,1.0938,1.0909,1.088,1.0852,1.0824,1.0797,1.077,1.0744,1.0718,1.0693,1.0668,1.0644,1.0621,1.0598,1.0575,1.0553,1.0532,1.051,1.049,1.047,1.045,1.0431,1.0412,1.0394,1.0376,1.0358,1.0342,1.0325,1.0309,1.0293,1.0278,1.0263,1.0249,1.0235,1.0222,1.0209,1.0196,1.0184,1.0172,1.016,1.0149,1.0139,1.0129,1.0119,1.0109,1.01,1.0092,1.0084,1.0076,1.0068,1.0061,1.0055,1.0048,1.0043,1.0037,1.0032,1.0027,1.0023,1.0019,1.0015,1.0012,1.0009,1.0007,1.0005,1.0003,1.0002,1.0001,1,0.5
