indexSequence,classCeratoP,classCeratoU,classH2,classH1
CRK16773.1,1,1,1,1
A0A165VV88,1,1,1,1
PIG90395.1,1,1,1,1
WP_054095730.1,1,1,1,1
A0A137QX45,1,1,1,1
A0A0D9P187,1,1,1,1
A0A3D8RKW7,1,1,1,1
Q58XI7,1,1,1,1
Q58XI6,1,1,1,1
CAR81510.1,1,1,1,1
WP_129507772.1,1,1,1,1
KXH25847.1,1,1,1,1
A0A0I9YB12,1,1,1,1
A0A0C9U6M5,1,1,1,1
TFK95684.1,1,1,1,1
Q8TFV3,1,1,1,1
Q8TFV2,1,1,1,1
Q8TFV4,1,1,1,1
Q8TFV9,1,1,1,1
KJK95874.1,1,1,1,1
A0A067SQT4,1,1,1,1
A0A0C3E5E7,1,1,1,1
tr|A0A0C9MDP8|A0A0C9MDP8_9FUNG,1,1,1,1
A0A0A7H9D2,1,1,1,1
CRK12591.1,1,1,1,1
CAR81514.1,1,1,1,1
K5VPW8,1,1,1,1
A0A0B4FF14,1,1,1,1
A0A146H2F3,1,1,1,1
WP_101169655.1,1,1,1,1
RFN43643.1,1,1,1,1
EER41849.1,1,1,1,1
KXH62362.1,1,1,1,1
A0A1M3T650,1,1,1,1
KIL18145.1,1,1,1,1
Q9HFD1,1,1,1,1
WP_019713414.1,1,1,1,1
tr|A0A1B8EJC2|A0A1B8EJC2_9PEZI,1,1,1,1
A0A0H2RV77,1,1,1,1
A0A0A7H778,1,1,1,1
RKK77757.1,1,1,1,1
A0A0H2SCQ3,1,1,1,1
TFK37346.1,1,1,1,1
WP_101172258.1,1,1,1,1
RMZ42009.1,1,1,1,1
EGX90434.1,1,1,1,1
A0A0A7H797,1,1,1,1
tr|A0A1B8AAF0|A0A1B8AAF0_FUSPO,1,1,1,1
EJD07127.1,1,1,1,1
A0A370P6R0,1,1,1,1
RFN55280.1,1,1,1,1
A0A167QAX4,1,1,1,1
EKV46299.1,1,1,1,1
A0A225B838,1,1,1,1
W6QAR0,1,1,1,1
A0A1U8QM24,1,1,1,1
KXH63082.1,1,1,1,1
WP_004360803.1,1,1,1,1
A0A1R3RAJ9,1,1,1,1
A0A1S9DBK8,1,1,1,1
A0A1B8G673,1,1,1,1
A0A137QB16,1,1,1,1
CRJ84726.1,1,1,1,1
RHJ11837.1,1,1,1,1
R7S187,1,1,1,1
AHL20220.1,1,1,1,1
A0A0C9WDR8,1,1,1,1
ACF72709.1,1,1,1,1
A0A0D0BW98,1,1,1,1
A0A168GR94,1,1,1,1
A0A1M2VHJ3,1,1,1,1
BAC77248.1,1,1,1,1
AQA29523.1,1,1,1,1
R7SSP5,1,1,1,1
ABS59370.1,1,1,1,1
AJO29800.1,1,1,1,1
A0A0D0BEN6,1,1,1,1
Q8TFV0,1,1,1,1
A0A0H2S1U0,1,1,1,1
A0A0C9W594,1,1,1,1
A0A409WKH9,1,1,1,1
CEJ93582.1,1,1,1,1
WP_061186532.1,1,1,1,1
CBJ94531.1,1,1,1,1
A0A3M2TGY8,1,1,1,1
CRK20241.1,1,1,1,1
TKD59540.1,1,1,1,1
A0A0D7AWR9,1,1,1,1
A0A0C9TY17,1,1,1,1
A0A1F5LDC9,1,1,1,1
Q8TFU9,1,1,1,1
E2LYH9,1,1,1,1
WP_046129387.1,1,1,1,1
A0A146HTR3,1,1,1,1
EME73570.1,1,1,1,1
A0A317VEE6,1,1,1,1
WP_014665133.1,1,1,1,1
A0A166A410,1,1,1,1
ABE27986.1,1,1,1,1
KKO99806.1,1,1,1,1
TLE53846.1,1,1,1,1
A0A1C7M846,1,1,1,1
A0A0U1LUJ3,1,1,1,1
XP_025507596.1,1,1,1,1
KIJ48486.1,1,1,1,1
A0A0C9YGJ1,1,1,1,1
A0A166XQD9,1,1,1,1
XP_023448514.1,1,1,1,1
KIP10923.1,1,1,1,1
ROV86976.1,1,1,1,1
A0A0W0EXC7,1,1,1,1
A0A0C3I9Y1,1,1,1,1
A0A0C3NEC8,1,1,1,1
A0A2R6NS81,1,1,1,1
A0A0A7H789,1,1,1,1
A0A0C9WA28,1,1,1,1
A4PEU2,1,1,1,1
KUL89269.1,1,1,1,1
AWT58101.1,1,1,1,1
WP_117998749.1,1,1,1,1
A0A0C9UBN3,1,1,1,1
AWT58103.1,1,1,1,1
A0A0C9UH50,1,1,1,1
A0A067N4P7,1,1,1,1
D4QDW5,1,1,1,1
A0A0C9TR76,1,1,1,1
XP_002622511.1,1,1,1,1
WP_052479052.1,1,1,1,1
A0A370BYK4,1,1,1,1
B0E2E5,1,1,1,1
A0A0C9UUZ7,1,1,1,1
OSS49008.1,1,1,1,1
KFZ10713.1,1,1,1,1
A0A3A2ZEY4,1,1,1,1
WP_014305918.1,1,1,1,1
A0A117NL23,1,1,1,1
AWT58107.1,1,1,1,1
A0A0C9UKY6,1,1,1,1
A0A1M2VHK0,1,1,1,1
Q2UD05,1,1,1,1
KIN00078.1,1,1,1,1
WP_010329773.1,1,1,1,1
A0A1C7ML79,1,1,1,1
A0A165ZFN5,1,1,1,1
S7RCB5,1,1,1,1
WP_101860052.1,1,1,1,1
ELU38379.1,1,1,1,1
OTA90586.1,1,1,1,1
WP_024571875.1,1,1,1,1
A0A0C9VZB6,1,1,1,1
A0A0G2HWG5,1,1,1,1
ATC51110.1,1,1,1,1
A0A0C3E911,1,1,1,1
KIJ28306.1,1,1,1,1
OZQ63154.1,1,1,1,1
A0A1V6P076,1,1,1,1
QBG57542.1,1,1,1,1
AWT58096.1,1,1,1,1
V2WLS6,1,1,1,1
A0A166GFR1,1,1,1,1
A0A1L9VL28,1,1,1,1
A0A017S216,1,1,1,1
A0A067NH06,1,1,1,1
A0A3N4JRP9,1,1,1,1
ROW06995.1,1,1,1,1
PQE14891.1,1,1,1,1
XP_016762875.1,1,1,1,1
E9E3C8,1,1,1,1
GAM91338.1,1,1,1,1
R7S5T6,1,1,1,1
KFY33887.1,1,1,1,1
A0A292PZ70,1,1,1,1
A0A135LT09,1,1,1,1
A0A370PBN1,1,1,1,1
G8A559,1,1,1,1
A0A060Q2B2,1,1,1,1
KIJ50777.1,1,1,1,1
E2L4D3,1,1,1,1
A9X619,1,1,1,1
A0A0C9VNC4,1,1,1,1
A0A0H2RS87,1,1,1,1
A0A2R6NH41,1,1,1,1
A0A0H2S5N2,1,1,1,1
WP_003242493.1,1,1,1,1
A0A0W0GBA6,1,1,1,1
A0A0H2RB58,1,1,1,1
tr|A0A1E1MKL1|A0A1E1MKL1_RHYSE,1,1,1,1
PMD48614.1,1,1,1,1
WP_081043972.1,1,1,1,1
tr|A0A2W1G7H4|A0A2W1G7H4_9PLEO,1,1,1,1
tr|A0A1B8ERA7|A0A1B8ERA7_9PEZI,1,1,1,1
KIJ41358.1,1,1,1,1
KIJ50779.1,1,1,1,1
A0A2T4GX63,1,1,1,1
R7S472,1,1,1,1
A0A0C2ZIR7,1,1,1,1
B8N650,1,1,1,1
KIK62260.1,1,1,1,1
A0A0C9UH44,1,1,1,1
WP_072183348.1,1,1,1,1
A0A0S7E2I6,1,1,1,1
A0A022XTN9,1,1,1,1
ATH93714.1,1,1,1,1
A0A0C9TKX9,1,1,1,1
WP_014481241.1,1,1,1,1
WP_106049373.1,1,1,1,1
A0A319EC09,1,1,1,1
A0A0C9UDA7,1,1,1,1
A0A2S6CK69,1,1,1,1
A0A0C9VM30,1,1,1,1
BAI94605.1,1,1,1,1
A0A1L9PJQ4,1,1,1,1
J4HW75,1,1,1,1
A0A0C9U0N6,1,1,1,1
RDW88920.1,1,1,1,1
TAI09833.1,1,1,1,1
tr|A0A1L7X753|A0A1L7X753_9HELO,1,1,1,1
EME40396.1,1,1,1,1
A0A0D0C7U7,1,1,1,1
PVH84708.1,1,1,1,1
KZQ35363.1,1,1,1,1
Q9HGX0,1,1,1,1
EZF63090.1,1,1,1,1
QBG57985.1,1,1,1,1
WP_070082729.1,1,1,1,1
A0A0C3BS31,1,1,1,1
PVF91351.1,1,1,1,1
XP_022497102.1,1,1,1,1
A0A2A9NF10,1,1,1,1
pdb|2FMC|A,1,1,1,1
tr|A0A1L7X744|A0A1L7X744_9HELO,1,1,1,1
A0A0C3S4F2,1,1,1,1
A0A1L9UFK5,1,1,1,1
ATH93625.1,1,1,1,1
KIJ67321.1,1,1,1,1
TQW01963.1,1,1,1,1
tr|A0A166LJI5|A0A166LJI5_9PEZI,1,1,1,1
PBK85232.1,1,1,1,1
A0A318Z9M0,1,1,1,1
WP_040081494.1,1,1,1,1
A0A0C3HMT2,1,1,1,1
A0A0C9VIT7,1,1,1,1
A0A1J9QSN9,1,1,1,1
QBR22101.1,1,1,1,1
A0A1B1LKZ9,1,1,1,1
A0A2H3CZY6,1,1,1,1
A0A1B1LKZ3,1,1,1,1
A8HK04,1,1,1,1
RBQ88615.1,1,1,1,1
A8HK09,1,1,1,1
tr|A0A1B8AJ52|A0A1B8AJ52_FUSPO,1,1,1,1
E2LC43,1,1,1,1
XP_024767883.1,1,1,1,1
WP_124072626.1,1,1,1,1
A9X622,1,1,1,1
A0A409YP78,1,1,1,1
A6REU2,1,1,1,1
A0A146FLT9,1,1,1,1
tr|A0A1L7TFK2|A0A1L7TFK2_FUSMA,1,1,1,1
A0A0C9UR78,1,1,1,1
A0A0C9T6D3,1,1,1,1
A0A0K8L2V9,1,1,1,1
D4QDY2,1,1,1,1
D4QDY3,1,1,1,1
WP_053783014.1,1,1,1,1
AJO29801.1,1,1,1,1
O60002,1,1,1,1
A0A317X4J1,1,1,1,1
A0A1V6RTX1,1,1,1,1
A0A0C3A6H8,1,1,1,1
WP_105990774.1,1,1,1,1
V5RCZ0,1,1,1,1
CAA63446.1,1,1,1,1
A0A0D0B7Y6,1,1,1,1
KIJ29993.1,1,1,1,1
VFS67614.1,1,1,1,1
A0A094I503,1,1,1,1
E2L987,1,1,1,1
A0A067NB31,1,1,1,1
A0A0D2DTR3,1,1,1,1
C9K6V0,1,1,1,1
KLG22154.1,1,1,1,1
A0A169XD84,1,1,1,1
WP_075748897.1,1,1,1,1
KND08973.1,1,1,1,1
WP_060699014.1,1,1,1,1
A9X641,1,1,1,1
CRK16519.1,1,1,1,1
OCB86597.1,1,1,1,1
CDK12892.1,1,1,1,1
OCH85360.1,1,1,1,1
tr|A0A161YJF2|A0A161YJF2_9PEZI,1,1,1,1
A0A409W2A0,1,1,1,1
Q6J760,1,1,1,1
R9AAE5,1,1,1,1
A0A1M2VHI2,1,1,1,1
PSA95183.1,1,1,1,1
A0A0C3DQJ5,1,1,1,1
A0A0D0BTQ0,1,1,1,1
RFU79287.1,1,1,1,1
A0A0D2I7G5,1,1,1,1
RBQ91627.1,1,1,1,1
A0A0N0DD46,1,1,1,1
K5W3Y9,1,1,1,1
CAD42710.1,1,1,1,1
CEJ81518.1,1,1,1,1
WP_088111860.1,1,1,1,1
A0A0W0G5X6,1,1,1,1
A0A0F7R830,1,1,1,1
XP_018703026.1,1,1,1,1
OIW32937.1,1,1,1,1
EJP60711.1,1,1,1,1
A0A1M2W6C4,1,1,1,1
EIW83604.1,1,1,1,1
KEQ99768.1,1,1,1,1
KIK62263.1,1,1,1,1
A0A0B4GFB0,1,1,1,1
XP_959282.2,1,1,1,1
OCB87614.1,1,1,1,1
A0A137QME6,1,1,1,1
A0A2H3GE57,1,1,1,1
XP_025478552.1,1,1,1,1
A0A0C9UEC1,1,1,1,1
A0A1B8CLI1,1,1,1,1
A8HK12,1,1,1,1
E2LNZ8,1,1,1,1
EME41953.1,1,1,1,1
A9X638,1,1,1,1
A0A0M9WA45,1,1,1,1
A0A0C9VE37,1,1,1,1
A9X633,1,1,1,1
A9X632,1,1,1,1
A0A1V6Q5C4,1,1,1,1
E2L6R1,1,1,1,1
D4QDX9,1,1,1,1
I8U4Q7,1,1,1,1
A0A1L9NG12,1,1,1,1
W2S4P7,1,1,1,1
D4QDX1,1,1,1,1
D4QDX0,1,1,1,1
D4QDX4,1,1,1,1
KUI55640.1,1,1,1,1
D4QDX6,1,1,1,1
XP_022477965.1,1,1,1,1
A0A1B7NWA6,1,1,1,1
tr|A0A2H5TZY6|A0A2H5TZY6_RHIID,1,1,1,1
E2LJB6,1,1,1,1
WP_003235964.1,1,1,1,1
A0A166AUN6,1,1,1,1
A0A1D9QHM7,1,1,1,1
CCE32651.1,1,1,1,1
PNP41890.1,1,1,1,1
WP_024122618.1,1,1,1,1
A0A146I809,1,1,1,1
AWT58105.1,1,1,1,1
OHW99454.1,1,1,1,1
tr|A0A1T3CNA4|A0A1T3CNA4_9HYPO,1,1,1,1
K5W3Z4,1,1,1,1
RGP72492.1,1,1,1,1
WP_071579154.1,1,1,1,1
D6RQ66,1,1,1,1
A0A1M2VWW6,1,1,1,1
A0A0C9ZII0,1,1,1,1
A0A137QXD1,1,1,1,1
AAU42914.1,1,1,1,1
A0A0D7A486,1,1,1,1
A0A0C9U0Z2,1,1,1,1
A0A0H2SC99,1,1,1,1
KIP11532.1,1,1,1,1
RCI14503.1,1,1,1,1
PRS89899.1,1,1,1,1
WP_059292293.1,1,1,1,1
A0A409WIH5,1,1,1,1
PBK66014.1,1,1,1,1
WP_085185488.1,1,1,1,1
A0A1C7MMN6,1,1,1,1
TEB31599.1,1,1,1,1
WP_095712762.1,1,1,1,1
WP_122895617.1,1,1,1,1
CAA75895.1,1,1,1,1
A0A0B4ENM0,1,1,1,1
EPE26954.1,1,1,1,1
EME49386.1,1,1,1,1
A0A093YDH3,1,1,1,1
TDO63523.1,1,1,1,1
A0A0H2RKF1,1,1,1,1
A0A067SGQ1,1,1,1,1
F8VB85,1,1,1,1
F8VB87,1,1,1,1
A0A1M2W6K6,1,1,1,1
A0A0C9U464,1,1,1,1
XP_024732862.1,1,1,1,1
CAR81511.1,1,1,1,1
WP_122905070.1,1,1,1,1
A0A1L9NEQ5,1,1,1,1
POI14894.1,1,1,1,1
A0A0C9VP96,1,1,1,1
A0A0C9X535,1,1,1,1
D8Q897,1,1,1,1
A0A0C9VP92,1,1,1,1
A0A2R6QEY6,1,1,1,1
A0A0C9V8F0,1,1,1,1
ABR15767.1,1,1,1,1
TCJ51488.1,1,1,1,1
A9X653,1,1,1,1
A0A0W0G1G6,1,1,1,1
tr|A0A2K0W1Q6|A0A2K0W1Q6_GIBNY,1,1,1,1
RGP80773.1,1,1,1,1
A0A1R3RIL6,1,1,1,1
A0A137QVQ9,1,1,1,1
K5UV97,1,1,1,1
A0A0C2SS39,1,1,1,1
A0A1F5LCJ5,1,1,1,1
WP_020443520.1,1,1,1,1
GAM83074.1,1,1,1,1
A0A1F7ZZF3,1,1,1,1
A0A317X974,1,1,1,1
A0A1C7LLK2,1,1,1,1
A0A397GCR2,1,1,1,1
KLU87020.1,1,1,1,1
ABR15765.1,1,1,1,1
A0A0C3E8V7,1,1,1,1
XP_025428674.1,1,1,1,1
WP_107163709.1,1,1,1,1
A0A0A2KTJ2,1,1,1,1
A0A167SU47,1,1,1,1
RDA86683.1,1,1,1,1
CAD28414.1,1,1,1,1
CCE32402.1,1,1,1,1
A0A1Q3E9N5,1,1,1,1
A0A0F7VFP1,1,1,1,1
A0A146FR89,1,1,1,1
A0A0G4PE15,1,1,1,1
KFY44488.1,1,1,1,1
KIJ48494.1,1,1,1,1
A0A0C9SY61,1,1,1,1
pir||T49763,1,1,1,1
KIJ49237.1,1,1,1,1
WP_075213816.1,1,1,1,1
A0A0B2X792,1,1,1,1
A0A0M9WH84,1,1,1,1
A0A3F3QEF1,1,1,1,1
A0A370BNM5,1,1,1,1
A0A0D2GX04,1,1,1,1
WP_010331624.1,1,1,1,1
WP_101864341.1,1,1,1,1
KIM63233.1,1,1,1,1
A0A0W0F0J3,1,1,1,1
SPU05278.1,1,1,1,1
A0A0U1LLJ4,1,1,1,1
A0A0K9XKZ5,1,1,1,1
pdb|2K6A|A,1,1,1,1
EKD14465.1,1,1,1,1
A0A2H3DX28,1,1,1,1
EON67072.1,1,1,1,1
A0A137QEN8,1,1,1,1
WP_015251365.1,1,1,1,1
Q96VD0,1,1,1,1
Q96VD1,1,1,1,1
Q96VD2,1,1,1,1
CRK47946.1,1,1,1,1
EIW55698.1,1,1,1,1
A0A094I4F9,1,1,1,1
WP_117730370.1,1,1,1,1
A0A0H2S6F8,1,1,1,1
WP_060856501.1,1,1,1,1
XP_013262917.1,1,1,1,1
A0A1M2VHG8,1,1,1,1
CRK35134.1,1,1,1,1
KIL86433.1,1,1,1,1
PBK73464.1,1,1,1,1
A0A1B2U702,1,1,1,1
A0A178Z9T3,1,1,1,1
WP_059335176.1,1,1,1,1
tr|A0A0D1Z463|A0A0D1Z463_EXOME,1,1,1,1
A0A371CVL3,1,1,1,1
A0A0D2D0F9,1,1,1,1
A0A135LCU7,1,1,1,1
A0A3M7JSY0,1,1,1,1
W7N2I2,1,1,1,1
A0A0D2AFC1,1,1,1,1
WP_029946185.1,1,1,1,1
WP_109567544.1,1,1,1,1
WP_056360481.1,1,1,1,1
A0A1M2W6B6,1,1,1,1
sp|B8N406.2|LAEA_ASPFN,1,1,1,1
KXH31341.1,1,1,1,1
A0A166I6G1,1,1,1,1
A0A371D8W9,1,1,1,1
WP_044749523.1,1,1,1,1
A0A0W0G1F6,1,1,1,1
KIP10932.1,1,1,1,1
K2R8K2,1,1,1,1
A0A1E3BKE8,1,1,1,1
PVF92941.1,1,1,1,1
A0A1V6Q5E0,1,1,1,1
tr|A0A1B8A6D4|A0A1B8A6D4_FUSPO,1,1,1,1
EUC51260.1,1,1,1,1
A0A0D0AMA6,1,1,1,1
A0A0C9SZ11,1,1,1,1
WP_106070916.1,1,1,1,1
A0A0C3DE28,1,1,1,1
TDT19456.1,1,1,1,1
A0A0D0DKD8,1,1,1,1
A0A1B8E582,1,1,1,1
A0A0C3FL90,1,1,1,1
tr|A0A179IDP0|A0A179IDP0_CORDF,1,1,1,1
A0A1M2VNT5,1,1,1,1
A9X623,1,1,1,1
XP_013312362.1,1,1,1,1
KIJ48492.1,1,1,1,1
A0A0C9VAR3,1,1,1,1
TEB20998.1,1,1,1,1
EGR52150.1,1,1,1,1
KIK66454.1,1,1,1,1
A0A317SFZ5,1,1,1,1
KXH40266.1,1,1,1,1
K9GF33,1,1,1,1
A0A0B4IAK6,1,1,1,1
pdb|4BHU|J,1,1,1,1
A0A0C3IR93,1,1,1,1
M2RQR9,1,1,1,1
A0A137QEM9,1,1,1,1
A0A0C9UB46,1,1,1,1
A0A0U5G0M4,1,1,1,1
A0A1Q5TCC0,1,1,1,1
WP_029419698.1,1,1,1,1
KDB11193.1,1,1,1,1
A0A0C9TYM9,1,1,1,1
B9DR18,1,1,1,1
B9DR10,1,1,1,1
A0A318YUS2,1,1,1,1
ETN38582.1,1,1,1,1
B9DR16,1,1,1,1
B9DR17,1,1,1,1
QAW51144.1,1,1,1,1
A0A0C9VLX5,1,1,1,1
A0A409WVH1,1,1,1,1
A0A371CVM6,1,1,1,1
KXN92573.1,1,1,1,1
A0A0B8MYQ6,1,1,1,1
XP_025488701.1,1,1,1,1
A0A0C9VW02,1,1,1,1
KXH32540.1,1,1,1,1
XP_003025723.1,1,1,1,1
A0A0H2SJP4,1,1,1,1
WP_003222098.1,1,1,1,1
A0A0C9V918,1,1,1,1
K5WTZ5,1,1,1,1
A0A317VX55,1,1,1,1
PZD47893.1,1,1,1,1
OAQ22303.1,1,1,1,1
A0A1L9UB73,1,1,1,1
ROW03447.1,1,1,1,1
A0A318ZV59,1,1,1,1
A0A1M2VE67,1,1,1,1
WP_106047814.1,1,1,1,1
WP_102917806.1,1,1,1,1
A0A177FBY3,1,1,1,1
B9DQZ0,1,1,1,1
B9DQZ1,1,1,1,1
prf||1011193A,1,1,1,1
XP_025543488.1,1,1,1,1
WP_051217496.1,1,1,1,1
A0A165SAN1,1,1,1,1
CAA25366.1,1,1,1,1
A0A0D0BVS8,1,1,1,1
A0A1V6P8T0,1,1,1,1
A0A094BIP1,1,1,1,1
EFQ86223.1,1,1,1,1
A0A2H3B430,1,1,1,1
QBG58264.1,1,1,1,1
RMD50584.1,1,1,1,1
A0A146FZV7,1,1,1,1
KIK95355.1,1,1,1,1
XP_014078246.1,1,1,1,1
A0A0D9NN57,1,1,1,1
A0A0C9U9E2,1,1,1,1
KDR82500.1,1,1,1,1
tr|A0A2V8LG50|A0A2V8LG50_9BACT,1,1,1,1
tr|A0A3E2HBE7|A0A3E2HBE7_SCYLI,1,1,1,1
A0A0D2Q606,1,1,1,1
TFK61447.1,1,1,1,1
A0A409WL66,1,1,1,1
A0A1C7MLC8,1,1,1,1
tr|A0A1B8A923|A0A1B8A923_FUSPO,1,1,1,1
A0A137QWW8,1,1,1,1
TFK95236.1,1,1,1,1
Q0WY30,1,1,1,1
Q0WY35,1,1,1,1
PVH71663.1,1,1,1,1
ATH93713.1,1,1,1,1
KEQ97721.1,1,1,1,1
tr|A0A0C9LNK8|A0A0C9LNK8_9FUNG,1,1,1,1
OCB87238.1,1,1,1,1
KDR66742.1,1,1,1,1
KUI63596.1,1,1,1,1
A0A1F8AB15,1,1,1,1
K5XP99,1,1,1,1
M5GCJ4,1,1,1,1
A0A0D7BKA9,1,1,1,1
KXH53127.1,1,1,1,1
A0A317V3M8,1,1,1,1
TFK37336.1,1,1,1,1
A0A0C9UK62,1,1,1,1
A0A0D0ALE0,1,1,1,1
CAC27407.1,1,1,1,1
KXH34817.1,1,1,1,1
ELA33409.1,1,1,1,1
tr|A0A1E1K6P4|A0A1E1K6P4_9HELO,1,1,1,1
A0A0H2S2V4,1,1,1,1
M2R9W1,1,1,1,1
A0A0W0FNB1,1,1,1,1
M2R9W6,1,1,1,1
WP_111617581.1,1,1,1,1
A1C4B9,1,1,1,1
A0A1L9SGE5,1,1,1,1
A0A0C3EG62,1,1,1,1
KUI52471.1,1,1,1,1
A0A1M2W6G5,1,1,1,1
WP_102993462.1,1,1,1,1
XP_013429902.1,1,1,1,1
A0A1B1LL16,1,1,1,1
A0A1B1LL14,1,1,1,1
A0A0C2WWX5,1,1,1,1
A0A0D0ARF8,1,1,1,1
M2PWP7,1,1,1,1
PRS45104.1,1,1,1,1
TDL24349.1,1,1,1,1
A0A067NRQ5,1,1,1,1
KIJ51363.1,1,1,1,1
TFK93196.1,1,1,1,1
WP_060596340.1,1,1,1,1
RDW94503.1,1,1,1,1
V5RDW0,1,1,1,1
AJO29798.1,1,1,1,1
A0A1L9S8Y1,1,1,1,1
KNZ80178.1,1,1,1,1
A0A0C9YGI5,1,1,1,1
A0A0H2RW85,1,1,1,1
K5XDU5,1,1,1,1
KFA74387.1,1,1,1,1
tr|G2Y9L8|G2Y9L8_BOTF4,1,1,1,1
XP_024779844.1,1,1,1,1
KIJ57419.1,1,1,1,1
WP_026589239.1,1,1,1,1
A0A063BZU9,1,1,1,1
CZR35740.1,1,1,1,1
Q0WY27,1,1,1,1
EKV46978.1,1,1,1,1
A2A118,1,1,1,1
WP_048239839.1,1,1,1,1
A0A0B4HD18,1,1,1,1
EMD35904.1,1,1,1,1
A0A2G5HLM8,1,1,1,1
OZQ66117.1,1,1,1,1
A0A1M2V347,1,1,1,1
PNH73641.1,1,1,1,1
A0A3M2SW73,1,1,1,1
KMK70912.1,1,1,1,1
A0A093ZNK5,1,1,1,1
PZD31192.1,1,1,1,1
XP_025507687.1,1,1,1,1
CEJ93753.1,1,1,1,1
OTA98786.1,1,1,1,1
KJK60159.1,1,1,1,1
WP_077671144.1,1,1,1,1
TFK51399.1,1,1,1,1
A0A1S9RBL5,1,1,1,1
A0A0C9TMD2,1,1,1,1
A0A014PL62,1,1,1,1
A0A0D1ZC16,1,1,1,1
TGJ63113.1,1,1,1,1
A0A146I7F8,1,1,1,1
XP_016759327.1,1,1,1,1
A0A164ZTW2,1,1,1,1
ATC50849.1,1,1,1,1
XP_025548330.1,1,1,1,1
WP_047203895.1,1,1,1,1
TFK99325.1,1,1,1,1
pdb|4BWH|A,1,1,1,1
A0A0D0DT57,1,1,1,1
CAB02150.1,1,1,1,1
RGP74456.1,1,1,1,1
A0A0D9NZU4,1,1,1,1
A0A0C9X7Z5,1,1,1,1
A0A0W0FA47,1,1,1,1
PCH39079.1,1,1,1,1
S7PXG6,1,1,1,1
TEB32732.1,1,1,1,1
XP_014080990.1,1,1,1,1
TPR03089.1,1,1,1,1
A0A067SK11,1,1,1,1
A0A397FY35,1,1,1,1
WP_014477779.1,1,1,1,1
ARW08459.1,1,1,1,1
A0A178D165,1,1,1,1
tr|A0A178AUY3|A0A178AUY3_9PLEO,1,1,1,1
A0A371CJQ8,1,1,1,1
A0A0B4FDG5,1,1,1,1
A0A0B4FI50,1,1,1,1
A0A371DB83,1,1,1,1
Q04571,1,1,1,1
G8A533,1,1,1,1
KOH45743.1,1,1,1,1
XP_020132287.1,1,1,1,1
POR38420.1,1,1,1,1
K3VJE5,1,1,1,1
A0A094EPD6,1,1,1,1
WP_023856950.1,1,1,1,1
A0A0B2WKV8,1,1,1,1
F9FTH0,1,1,1,1
EGX50663.1,1,1,1,1
XP_018163454.1,1,1,1,1
A0A093UXC7,1,1,1,1
K5XDU1,1,1,1,1
OTB11658.1,1,1,1,1
A0A0C3D1J8,1,1,1,1
A0A1L9PSB3,1,1,1,1
A0A0C9W8Y5,1,1,1,1
WP_106045451.1,1,1,1,1
K5X110,1,1,1,1
tr|A0A0C9MAS2|A0A0C9MAS2_9FUNG,1,1,1,1
A0A0C9TI85,1,1,1,1
RGP72493.1,1,1,1,1
A0A0D0DA93,1,1,1,1
A0A060PSU7,1,1,1,1
G3Y8G3,1,1,1,1
ABS59363.1,1,1,1,1
A0A2C5Z0L3,1,1,1,1
KJJ43288.1,1,1,1,1
A0A1V6TLN6,1,1,1,1
tr|A0A1E1K7M3|A0A1E1K7M3_9HELO,1,1,1,1
ATY62608.1,1,1,1,1
ABS59371.1,1,1,1,1
AWT58104.1,1,1,1,1
A0A0L6WX82,1,1,1,1
TAI50786.1,1,1,1,1
A0A1U8QIY0,1,1,1,1
AAY78180.1,1,1,1,1
ROW01230.1,1,1,1,1
CAQ16236.1,1,1,1,1
A0A319EH42,1,1,1,1
PTB76311.1,1,1,1,1
WP_113387008.1,1,1,1,1
KPA37256.1,1,1,1,1
RFU79337.1,1,1,1,1
A0A1L9UCV6,1,1,1,1
A8E0T6,1,1,1,1
A0A1M2VN49,1,1,1,1
EEQ92373.1,1,1,1,1
B9DQY0,1,1,1,1
RCI10174.1,1,1,1,1
EGR49910.1,1,1,1,1
KFX96977.1,1,1,1,1
EOD52383.1,1,1,1,1
A0A1M2VD06,1,1,1,1
A0A094DVK9,1,1,1,1
CRJ96283.1,1,1,1,1
A0A0C9VY34,1,1,1,1
AQA29546.1,1,1,1,1
POS72270.1,1,1,1,1
OTB03766.1,1,1,1,1
ELQ33427.1,1,1,1,1
A0A0A7H6G0,1,1,1,1
KXS97617.1,1,1,1,1
A0A0A7H6G6,1,1,1,1
TJZ72304.1,1,1,1,1
A0A0H2RJG5,1,1,1,1
A0A0C3SFE2,1,1,1,1
CAK46216.1,1,1,1,1
ETS86881.1,1,1,1,1
A0A1B1LKZ4,1,1,1,1
K5W8D4,1,1,1,1
OAA76802.1,1,1,1,1
A0A371CJR6,1,1,1,1
KFY08846.1,1,1,1,1
A0A0D0D0L9,1,1,1,1
A0A1M2VNP7,1,1,1,1
VBB86190.1,1,1,1,1
RBR26338.1,1,1,1,1
A0A286U4V6,1,1,1,1
PYH96116.1,1,1,1,1
RDA95915.1,1,1,1,1
A0A317VND1,1,1,1,1
WP_019716100.1,1,1,1,1
XP_025384914.1,1,1,1,1
A0A166I5B1,1,1,1,1
XP_013279934.1,1,1,1,1
CEN60283.1,1,1,1,1
Q0WY40,1,1,1,1
WP_049737078.1,1,1,1,1
CAB02148.1,1,1,1,1
A0A1L9MYD4,1,1,1,1
A0A1Q5U4H3,1,1,1,1
A0A0B2WUW0,1,1,1,1
WP_009011438.1,1,1,1,1
WP_061570497.1,1,1,1,1
A0A124BXY2,1,1,1,1
WP_025810587.1,1,1,1,1
WP_064816546.1,1,1,1,1
XP_022514973.1,1,1,1,1
XP_016211321.1,1,1,1,1
A0A1B8FCR0,1,1,1,1
A0A0D0CSF6,1,1,1,1
A0A022W2T9,1,1,1,1
EXK81874.1,1,1,1,1
A0A165X2X5,1,1,1,1
A0A1M2VCV4,1,1,1,1
A0A0C9W8H4,1,1,1,1
ADP37438.1,1,1,1,1
tr|A0A1B8A9F1|A0A1B8A9F1_FUSPO,1,1,1,1
E0WHQ7,1,1,1,1
A0A0J5PMS5,1,1,1,1
Q75T84,1,1,1,1
A0A0D0BXW3,1,1,1,1
A0A093XUX6,1,1,1,1
AIW35355.1,1,1,1,1
A0A1F7ZTR7,1,1,1,1
Q86ZF7,1,1,1,1
Q86ZF6,1,1,1,1
CAM33592.1,1,1,1,1
AWT58095.1,1,1,1,1
A0A0C9U8E7,1,1,1,1
A0A0C9WCA6,1,1,1,1
A0A0L1IVB6,1,1,1,1
A0A0C3DQM4,1,1,1,1
B9DQV7,1,1,1,1
B9DQV5,1,1,1,1
B9DQV3,1,1,1,1
A0A0C3RQ52,1,1,1,1
A0A0C9X937,1,1,1,1
OBR04848.1,1,1,1,1
A0A0B4FSE8,1,1,1,1
A0A0D0CWP8,1,1,1,1
KJZ79698.1,1,1,1,1
KPI39611.1,1,1,1,1
BAM28634.1,1,1,1,1
A0A1Q3E7Y2,1,1,1,1
ABS59376.1,1,1,1,1
A0A1B8EHF3,1,1,1,1
A0A0M8P221,1,1,1,1
A0A0A7H9U6,1,1,1,1
tr|A0A163FFY5|A0A163FFY5_DIDRA,1,1,1,1
WP_061572196.1,1,1,1,1
PFH63424.1,1,1,1,1
WP_029726220.1,1,1,1,1
A0A167NZP9,1,1,1,1
CRK47953.1,1,1,1,1
WP_010200932.1,1,1,1,1
A9X648,1,1,1,1
A9X649,1,1,1,1
A9X644,1,1,1,1
A9X645,1,1,1,1
A9X640,1,1,1,1
A0A0C9VNF2,1,1,1,1
A0A1M3T8X0,1,1,1,1
M2PWK7,1,1,1,1
A0A2A9NMN0,1,1,1,1
pdb|4AOG|A,1,1,1,1
A0A094A2N3,1,1,1,1
A0A094AZE0,1,1,1,1
WP_043926892.1,1,1,1,1
A0A0J5SUW8,1,1,1,1
ROW07482.1,1,1,1,1
A0A094BRR2,1,1,1,1
WP_133485579.1,1,1,1,1
A0A2I1CNT9,1,1,1,1
WP_064815906.1,1,1,1,1
A0A165WZC4,1,1,1,1
A0A067TFP1,1,1,1,1
A0A2G8SFV5,1,1,1,1
A0A1L9R963,1,1,1,1
tr|A0A0A1UNW7|A0A0A1UNW7_9HYPO,1,1,1,1
OCH87287.1,1,1,1,1
EXK86091.1,1,1,1,1
A0A0C9UMA9,1,1,1,1
CAD97454.1,1,1,1,1
KYD06384.1,1,1,1,1
A0A0H2R8I4,1,1,1,1
A0A1L9TEX1,1,1,1,1
KFZ25111.1,1,1,1,1
Q58IG6,1,1,1,1
KKY13662.1,1,1,1,1
A8NKF8,1,1,1,1
KIN99437.1,1,1,1,1
A0A1V6QHW8,1,1,1,1
A0A179ILY6,1,1,1,1
CAA74940.1,1,1,1,1
WP_004942951.1,1,1,1,1
A0A1L9WNJ5,1,1,1,1
KIY50834.1,1,1,1,1
OAL73054.1,1,1,1,1
KUJ20303.1,1,1,1,1
A0A0C3SDI0,1,1,1,1
WP_100505946.1,1,1,1,1
KUJ20298.1,1,1,1,1
KIJ53817.1,1,1,1,1
XP_025530936.1,1,1,1,1
B9DQW3,1,1,1,1
ELQ58101.1,1,1,1,1
KFY51951.1,1,1,1,1
KLO13396.1,1,1,1,1
RHX70346.1,1,1,1,1
F8Q2N4,1,1,1,1
OMD51739.1,1,1,1,1
M2QVR9,1,1,1,1
EUC35206.1,1,1,1,1
KDN61902.1,1,1,1,1
OCH87289.1,1,1,1,1
KPA37734.1,1,1,1,1
WP_003410211.1,1,1,1,1
Q8TFF0,1,1,1,1
Q8TFF2,1,1,1,1
EEQ29562.1,1,1,1,1
A0A1V6NY49,1,1,1,1
PYI29750.1,1,1,1,1
TFK82602.1,1,1,1,1
A0A2V1BEJ1,1,1,1,1
A0A0D0B9H9,1,1,1,1
A0A0C9URY5,1,1,1,1
A0A0C9V7R8,1,1,1,1
A0A100IH94,1,1,1,1
A0A0K8LI78,1,1,1,1
A0A1J9RCD2,1,1,1,1
RHJ11751.1,1,1,1,1
AKL86505.1,1,1,1,1
A0A0W0GEQ8,1,1,1,1
A0A0F4YPL2,1,1,1,1
tr|A0A438MRB7|A0A438MRB7_EXOME,1,1,1,1
EXA33710.1,1,1,1,1
A0A1M2VNR3,1,1,1,1
EME81711.1,1,1,1,1
A0A369GY85,1,1,1,1
A9X651,1,1,1,1
OLQ45848.1,1,1,1,1
CEJ80377.1,1,1,1,1
EPE32491.1,1,1,1,1
tr|A0A2H8TRF8|A0A2H8TRF8_9HEMI,1,1,1,1
A0A2G8SNR0,1,1,1,1
A8PA37,1,1,1,1
A0A067TM83,1,1,1,1
A0A2V5GPW6,1,1,1,1
WP_106295555.1,1,1,1,1
A0A067TEU6,1,1,1,1
A8NG29,1,1,1,1
A0A0C2Y2S1,1,1,1,1
TDL20386.1,1,1,1,1
G8A563,1,1,1,1
M2RQR4,1,1,1,1
RDH23720.1,1,1,1,1
A0A0B4HWZ1,1,1,1,1
sp|P10069.1|BRLA_EMENI,1,1,1,1
A8E0T5,1,1,1,1
TFK37339.1,1,1,1,1
ETS04637.1,1,1,1,1
tr|A0A178E7A3|A0A178E7A3_9PLEO,1,1,1,1
OAT07074.1,1,1,1,1
PHH93053.1,1,1,1,1
O59984,1,1,1,1
O59985,1,1,1,1
O59983,1,1,1,1
M2PID4,1,1,1,1
O59989,1,1,1,1
I4Y8H8,1,1,1,1
KUL11362.1,1,1,1,1
QBK81620.1,1,1,1,1
TFK93199.1,1,1,1,1
D8QC97,1,1,1,1
KEQ81114.1,1,1,1,1
Q58IF3,1,1,1,1
A0A146HMN4,1,1,1,1
pdb|4UYR|A,1,1,1,1
A0A395HC87,1,1,1,1
E2L3L7,1,1,1,1
AJK67185.1,1,1,1,1
F8P1K8,1,1,1,1
TFK35245.1,1,1,1,1
A0A397G9C2,1,1,1,1
A0A2T3B4T9,1,1,1,1
AAY78179.1,1,1,1,1
XP_013953235.1,1,1,1,1
KJY02523.1,1,1,1,1
EIN12081.1,1,1,1,1
A0A1L9TIC9,1,1,1,1
TFK37345.1,1,1,1,1
KUI53035.1,1,1,1,1
TFK37343.1,1,1,1,1
Q8TFW1,1,1,1,1
RFN55279.1,1,1,1,1
A0A146HNX5,1,1,1,1
CAC27408.1,1,1,1,1
A0A0C3C579,1,1,1,1
E2LYX7,1,1,1,1
PZD49661.1,1,1,1,1
Q8TFE7,1,1,1,1
AHL20219.1,1,1,1,1
XP_018701757.1,1,1,1,1
KIJ53816.1,1,1,1,1
EOA91864.1,1,1,1,1
A0A0C9ZGL8,1,1,1,1
K5VR31,1,1,1,1
KIJ67405.1,1,1,1,1
A0A0C9URX7,1,1,1,1
A0A0H2RPA1,1,1,1,1
A0A0C9T7V8,1,1,1,1
A0A2R6QEE6,1,1,1,1
A0A0D0CRL7,1,1,1,1
tr|A0A1Y2VW95|A0A1Y2VW95_9PEZI,1,1,1,1
SLN34383.1,1,1,1,1
A0A1V6QQN0,1,1,1,1
TPR07891.1,1,1,1,1
A8P2F8,1,1,1,1
THU91484.1,1,1,1,1
A9X661,1,1,1,1
A9X662,1,1,1,1
A9X663,1,1,1,1
A0A0C9TGB5,1,1,1,1
A0A0H2RV69,1,1,1,1
AUX13159.1,1,1,1,1
A0A1V6TKV0,1,1,1,1
O13300,1,1,1,1
A0A0D0AZF5,1,1,1,1
A0A1C7MLI3,1,1,1,1
A0A0H2RSI0,1,1,1,1
G8A517,1,1,1,1
WP_036865312.1,1,1,1,1
RPD55316.1,1,1,1,1
KFK81802.1,1,1,1,1
WP_003227472.1,1,1,1,1
KGQ07805.1,1,1,1,1
AAO16869.1,1,1,1,1
A0A146HMX5,1,1,1,1
tr|A0A162IG95|A0A162IG95_9PEZI,1,1,1,1
PWO22122.1,1,1,1,1
A0A0C9WDS0,1,1,1,1
KIK14536.1,1,1,1,1
O59993,1,1,1,1
O59992,1,1,1,1
O59997,1,1,1,1
O59996,1,1,1,1
O59994,1,1,1,1
O59998,1,1,1,1
CUB43888.1,1,1,1,1
GAQ44716.1,1,1,1,1
A0A0F4YW16,1,1,1,1
A0A166I5H6,1,1,1,1
EFQ36458.1,1,1,1,1
B0Y9N0,1,1,1,1
XP_025444967.1,1,1,1,1
