indexSequence,classCeratoP,classCeratoU,classH2
O13300,1,1,1
Q04571,1,1,1
A0A014PL62,1,1,1
A0A017S216,1,1,1
A0A022W2T9,1,1,1
A0A022XTN9,1,1,1
A0A024BKG7,1,1,1
A0A060PSU7,1,1,1
A0A060PVE9,0,0,0
A0A060PWJ7,0,1,1
A0A060Q2B2,1,1,1
A0A060S2M0,0,1,1
A0A060SCJ8,0,1,1
A0A063BZU9,1,1,1
A0A067N4P7,1,1,1
A0A067N582,0,0,1
A0A067NB31,1,1,1
A0A067NFU6,0,1,1
A0A067NH06,1,1,1
A0A067NRQ5,1,1,1
A0A067PDQ2,1,0,1
A0A067PSA4,1,1,1
A0A067PUD9,0,0,0
A0A067Q958,0,0,0
A0A067QF90,0,1,1
A0A067QFZ1,0,0,0
A0A067SGQ1,1,1,1
A0A067SK11,1,1,1
A0A067SKW9,0,1,1
A0A067SQT4,1,1,1
A0A067T101,0,0,1
A0A067TEU6,1,1,1
A0A067TFP1,1,1,1
A0A067TLW0,0,0,1
A0A067TM83,1,1,1
A0A067TMF1,0,1,1
A0A084G9F1,0,0,0
A0A093UWB1,0,1,1
A0A093UXC7,1,1,1
A0A093VCZ3,0,1,1
A0A093XUX6,1,1,1
A0A093YDH3,1,1,1
A0A093ZNK5,1,1,1
A0A094A2N3,1,1,1
A0A094AZE0,1,1,1
A0A094BIP1,1,1,1
A0A094BRR2,1,1,1
A0A094C7N6,0,1,1
A0A094DER7,0,0,1
A0A094DVK9,1,1,1
A0A094EPD6,1,1,1
A0A094GC52,0,1,1
A0A094I4F9,1,1,1
A0A094I503,1,1,1
A0A0A2J434,1,1,1
A0A0A2K7M3,1,0,0
A0A0A2KTJ2,1,1,1
A0A0A2VD56,0,1,1
A0A0A7H6D2,0,1,1
A0A0A7H6D5,0,1,1
A0A0A7H6E9,0,1,1
A0A0A7H6G0,1,1,1
A0A0A7H6G6,1,1,1
A0A0A7H778,1,1,1
A0A0A7H789,1,1,1
A0A0A7H797,1,1,1
A0A0A7H9C7,1,1,1
A0A0A7H9D2,1,1,1
A0A0A7H9E0,1,0,1
A0A0A7H9U6,1,1,1
A0A0A7H9V0,0,0,0
A0A0B2WKV8,1,1,1
A0A0B2WR45,0,0,1
A0A0B2WUW0,1,1,1
A0A0B2X792,1,1,1
A0A0B4ENM0,1,1,1
A0A0B4FDG5,1,1,1
A0A0B4FF14,1,1,1
A0A0B4FI50,1,1,1
A0A0B4FSE8,1,1,1
A0A0B4GFB0,1,1,1
A0A0B4HD18,1,1,1
A0A0B4HWZ1,1,1,1
A0A0B4IAK6,1,1,1
A0A0B8MYQ6,1,1,1
A0A0C2SS39,1,1,1
A0A0C2WWX5,1,1,1
A0A0C2Y2S1,1,1,1
A0A0C2ZIR7,1,1,1
A0A0C3A6H8,1,1,1
A0A0C3AIZ2,1,1,1
A0A0C3AST9,1,1,1
A0A0C3BEP6,1,1,1
A0A0C3BS31,1,1,1
A0A0C3C579,1,1,1
A0A0C3D1J8,1,1,1
A0A0C3DE28,1,1,1
A0A0C3DQJ5,1,1,1
A0A0C3DQM4,1,1,1
A0A0C3DWB2,1,1,1
A0A0C3E1A0,1,1,1
A0A0C3E5E7,1,1,1
A0A0C3E8V7,1,1,1
A0A0C3E911,1,1,1
A0A0C3EG62,1,1,1
A0A0C3FL90,1,1,1
A0A0C3HMT2,1,1,1
A0A0C3I9Y1,1,1,1
A0A0C3IR93,1,1,1
A0A0C3J917,1,0,0
A0A0C3JPN9,0,0,0
A0A0C3NEC8,1,1,1
A0A0C3RQ52,1,1,1
A0A0C3S4F2,1,1,1
A0A0C3SDI0,1,1,1
A0A0C3SFE2,1,1,1
A0A0C9SY61,1,1,1
A0A0C9SZ11,1,1,1
A0A0C9T6D3,1,1,1
A0A0C9T7V8,1,1,1
A0A0C9TGB5,1,1,1
A0A0C9TI85,1,1,1
A0A0C9TKX9,1,1,1
A0A0C9TMD2,1,1,1
A0A0C9TR76,1,1,1
A0A0C9TY17,1,1,1
A0A0C9TYM9,1,1,1
A0A0C9U0N6,1,1,1
A0A0C9U0Z2,1,1,1
A0A0C9U464,1,1,1
A0A0C9U6M5,1,1,1
A0A0C9U8E7,1,1,1
A0A0C9U9E2,1,1,1
A0A0C9UB46,1,1,1
A0A0C9UBN3,1,1,1
A0A0C9UDA7,1,1,1
A0A0C9UE37,1,0,0
A0A0C9UEC1,1,1,1
A0A0C9UH44,1,1,1
A0A0C9UH50,1,1,1
A0A0C9UK62,1,1,1
A0A0C9UKY6,1,1,1
A0A0C9UMA9,1,1,1
A0A0C9UR78,1,1,1
A0A0C9URX7,1,1,1
A0A0C9URY5,1,1,1
A0A0C9UUW9,1,1,1
A0A0C9UUZ7,1,1,1
A0A0C9V7R8,1,1,1
A0A0C9V8F0,1,1,1
A0A0C9V918,1,1,1
A0A0C9VAR3,1,1,1
A0A0C9VE37,1,1,1
A0A0C9VIT7,1,1,1
A0A0C9VLX5,1,1,1
A0A0C9VM30,1,1,1
A0A0C9VNC4,1,1,1
A0A0C9VNF2,1,1,1
A0A0C9VP92,1,1,1
A0A0C9VP96,1,1,1
A0A0C9VW02,1,1,1
A0A0C9VY34,1,1,1
A0A0C9VZB6,1,1,1
A0A0C9VZD1,1,1,1
A0A0C9W594,1,1,1
A0A0C9W8H4,1,1,1
A0A0C9W8Y5,1,1,1
A0A0C9WA28,1,1,1
A0A0C9WCA6,1,1,1
A0A0C9WDR8,1,1,1
A0A0C9WDS0,1,1,1
A0A0C9WVI6,0,0,0
A0A0C9X535,1,1,1
A0A0C9X7Z5,1,1,1
A0A0C9X937,1,1,1
A0A0C9YGI5,1,1,1
A0A0C9YGJ1,1,1,1
A0A0C9ZGL8,1,1,1
A0A0C9ZII0,1,1,1
A0A0D0ALE0,1,1,1
A0A0D0AMA6,1,1,1
A0A0D0ARF8,1,1,1
A0A0D0AZF5,1,1,1
A0A0D0B7Y6,1,1,1
A0A0D0B9H9,1,1,1
A0A0D0BEN6,1,1,1
A0A0D0BTQ0,1,1,1
A0A0D0BVS8,1,1,1
A0A0D0BW98,1,1,1
A0A0D0BXW3,1,1,1
A0A0D0C7U7,1,1,1
A0A0D0CFQ4,1,0,0
A0A0D0CRL7,1,1,1
A0A0D0CSF6,1,1,1
A0A0D0CWP8,1,1,1
A0A0D0D0L9,1,1,1
A0A0D0DA93,1,1,1
A0A0D0DKD8,1,1,1
A0A0D0DT57,1,1,1
A0A0D1ZC16,1,1,1
A0A0D2AFC1,1,1,1
A0A0D2D0F9,1,1,1
A0A0D2DTR3,1,1,1
A0A0D2GX04,1,1,1
A0A0D2I7G5,1,1,1
A0A0D2Q606,1,1,1
A0A0D7A486,1,1,1
A0A0D7AWR9,1,1,1
A0A0D7BKA9,1,1,1
A0A0D9NN57,1,1,1
A0A0D9NZU4,1,1,1
A0A0D9P187,1,1,1
A0A0F4YPL2,1,1,1
A0A0F4YW16,1,1,1
A0A0F7R830,1,1,1
A0A0F7VFP1,1,1,1
A0A0G2HWG5,1,1,1
A0A0G4PE15,1,1,1
A0A0H2R8I4,1,1,1
A0A0H2RB58,1,1,1
A0A0H2RJG5,1,1,1
A0A0H2RKF1,1,1,1
A0A0H2RPA1,1,1,1
A0A0H2RS87,1,1,1
A0A0H2RSI0,1,1,1
A0A0H2RV69,1,1,1
A0A0H2RV77,1,1,1
A0A0H2RW85,1,1,1
A0A0H2S1U0,1,1,1
A0A0H2S2V4,1,1,1
A0A0H2S5N2,1,1,1
A0A0H2S6F8,1,1,1
A0A0H2SC99,1,1,1
A0A0H2SCQ3,1,1,1
A0A0H2SJP4,1,1,1
A0A0H2SR27,1,1,1
A0A0I9YB12,1,1,1
A0A0J5PMS5,1,1,1
A0A0J5SUW8,1,1,1
A0A0K8L2V9,1,1,1
A0A0K8LI78,1,1,1
A0A0K9XKZ5,1,1,1
A0A0L1IVB6,1,1,1
A0A0L6WX82,1,1,1
A0A0M8P221,1,1,1
A0A0M9WA45,1,1,1
A0A0M9WH84,1,1,1
A0A0N0DD46,1,1,1
A0A0S7E2I6,1,1,1
A0A0U1LLJ4,1,1,1
A0A0U1LUJ3,1,1,1
A0A0U5G0M4,1,1,1
A0A0W0EXC7,1,1,1
A0A0W0F0J3,1,1,1
A0A0W0FA47,1,1,1
A0A0W0FNB1,1,1,1
A0A0W0G1F6,1,1,1
A0A0W0G1G6,1,1,1
A0A0W0G5X6,1,1,1
A0A0W0GBA6,1,1,1
A0A0W0GEQ8,1,1,1
A0A100IH94,1,1,1
A0A117NL23,1,1,1
A0A124BXY2,1,1,1
A0A135LCU7,1,1,1
A0A135LT09,1,1,1
A0A135TEB8,0,0,1
A0A137QB16,1,1,1
A0A137QEM9,1,1,1
A0A137QEN8,1,1,1
A0A137QME6,1,1,1
A0A137QVQ9,1,1,1
A0A137QWW8,1,1,1
A0A137QX45,1,1,1
A0A137QXD1,1,1,1
A0A146FLT9,1,1,1
A0A146FR89,1,1,1
A0A146FZV7,1,1,1
A0A146H2F3,1,1,1
A0A146HMN4,1,1,1
A0A146HMX5,1,1,1
A0A146HNX5,1,1,1
A0A146HTR3,1,1,1
A0A146I7F8,1,1,1
A0A146I809,1,1,1
A0A164ZTW2,1,1,1
A0A165SAN1,1,1,1
A0A165VV88,1,1,1
A0A165WZC4,1,1,1
A0A165X2X5,1,1,1
A0A165ZFN5,1,1,1
A0A166A410,1,1,1
A0A166AUN6,1,1,1
A0A166GFR1,1,1,1
A0A166I5B1,1,1,1
A0A166I5H6,1,1,1
A0A166I6G1,1,1,1
A0A166XQD9,1,1,1
A0A167NZP9,1,1,1
A0A167QAX4,1,1,1
A0A167SU47,1,1,1
A0A168GR94,1,1,1
A0A169XD84,1,1,1
A0A177FBY3,1,1,1
A0A178D165,1,1,1
A0A178Z9T3,1,1,1
A0A179ILY6,1,1,1
A0A1B1LKZ3,1,1,1
A0A1B1LKZ4,1,1,1
A0A1B1LKZ9,1,1,1
A0A1B1LL14,1,1,1
A0A1B1LL16,1,1,1
A0A1B2U702,1,1,1
A0A1B7NWA6,1,1,1
A0A1B8CLI1,1,1,1
A0A1B8E582,1,1,1
A0A1B8EHF3,1,1,1
A0A1B8FCR0,1,1,1
A0A1B8G673,1,1,1
A0A1C7LLK2,1,1,1
A0A1C7M846,1,1,1
A0A1C7ML79,1,1,1
A0A1C7MLC8,1,1,1
A0A1C7MLI3,1,1,1
A0A1C7MMN6,1,1,1
A0A1D9QHM7,1,1,1
A0A1E3BKE8,1,1,1
A0A1F5LCJ5,1,1,1
A0A1F5LDC9,1,1,1
A0A1F7ZTR7,1,1,1
A0A1F7ZZF3,1,1,1
A0A1F8AB15,1,1,1
A0A1J9QSN9,1,1,1
A0A1J9RCD2,1,1,1
A0A1L9MYD4,1,1,1
A0A1L9NEQ5,1,1,1
A0A1L9NG12,1,1,1
A0A1L9PJQ4,1,1,1
A0A1L9PSB3,1,1,1
A0A1L9R963,1,1,1
A0A1L9S8Y1,1,1,1
A0A1L9SGE5,1,1,1
A0A1L9TEX1,1,1,1
A0A1L9TIC9,1,1,1
A0A1L9UB73,1,1,1
A0A1L9UCV6,1,1,1
A0A1L9UFK5,1,1,1
A0A1L9VL28,1,1,1
A0A1L9WNJ5,1,1,1
A0A1M2V347,1,1,1
A0A1M2VCV4,1,1,1
A0A1M2VD06,1,1,1
A0A1M2VE67,1,1,1
A0A1M2VHG8,1,1,1
A0A1M2VHI2,1,1,1
A0A1M2VHJ3,1,1,1
A0A1M2VHK0,1,1,1
A0A1M2VN49,1,1,1
A0A1M2VNP7,1,1,1
A0A1M2VNR3,1,1,1
A0A1M2VNT5,1,1,1
A0A1M2VWW6,1,1,1
A0A1M2W6B6,1,1,1
A0A1M2W6C4,1,1,1
A0A1M2W6G5,1,1,1
A0A1M2W6K6,1,1,1
A0A1M3T650,1,1,1
A0A1M3T8X0,1,1,1
A0A1Q3E7Y2,1,1,1
A0A1Q3E9N5,1,1,1
A0A1Q5TCC0,1,1,1
A0A1Q5U4H3,1,1,1
A0A1R3RAJ9,1,1,1
A0A1R3RIL6,1,1,1
A0A1S9DBK8,1,1,1
A0A1S9RBL5,1,1,1
A0A1U8QIY0,1,1,1
A0A1U8QM24,1,1,1
A0A1V6NY49,1,1,1
A0A1V6P076,1,1,1
A0A1V6P8T0,1,1,1
A0A1V6Q5C4,1,1,1
A0A1V6Q5E0,1,1,1
A0A1V6Q8K4,0,1,0
A0A1V6QHW8,1,1,1
A0A1V6QQN0,1,1,1
A0A1V6RTX1,1,1,1
A0A1V6SJH2,0,1,1
A0A1V6SM27,0,0,1
A0A1V6TK23,1,1,1
A0A1V6TKV0,1,1,1
A0A1V6TLN6,1,1,1
A0A1V6UEN0,1,1,1
A0A1V6YVK7,1,1,1
A0A1V6Z0B8,1,1,1
A0A1V6Z0F4,1,1,1
A0A1X6N2S6,0,1,1
A0A1Y2J730,0,1,1
A0A225AAL1,1,1,1
A0A225B3G2,1,1,1
A0A225B838,1,1,1
A0A229X5J1,0,1,1
A0A229Y0R0,0,1,1
A0A286U4V6,1,1,1
A0A286U5R1,0,1,1
A0A286U5X3,0,0,0
A0A292PYJ2,1,1,1
A0A292PZ70,1,1,1
A0A292Q1W8,0,1,1
A0A2A9N6T9,0,0,1
A0A2A9NAX8,1,1,1
A0A2A9NF10,1,1,1
A0A2A9NFU8,0,0,0
A0A2A9NJ49,0,1,1
A0A2A9NMN0,1,1,1
A0A2A9NVI1,0,1,1
A0A2A9P6Y1,0,1,1
A0A2B7WHU2,0,1,1
A0A2B7ZCN3,0,1,1
A0A2B7ZVA4,0,0,0
A0A2C5Z0L3,1,1,1
A0A2C6A4T5,1,0,0
A0A2G5HLM8,1,1,1
A0A2G8SFV5,1,1,1
A0A2G8SNR0,1,1,1
A0A2H3B430,1,1,1
A0A2H3CZY6,1,1,1
A0A2H3D4S9,0,1,1
A0A2H3DCA6,1,1,1
A0A2H3DMU8,1,1,1
A0A2H3DX28,1,1,1
A0A2H3EDQ8,1,1,1
A0A2H3GE57,1,1,1
A0A2H3HZC6,0,1,1
A0A2H3IXJ8,1,0,0
A0A2I0RLE2,1,1,1
A0A2I1CNT9,1,1,1
A0A2I1DBF6,0,1,1
A0A2I2F838,0,0,0
A0A2I2FE54,1,0,0
A0A2I2GDK4,1,0,0
A0A2J5HD97,0,0,1
A0A2J5HHC6,0,0,0
A0A2K0UCR3,0,1,0
A0A2L2T6M0,0,0,0
A0A2N6NP47,0,1,1
A0A2P2HCE6,0,0,0
A0A2P2HMW0,1,0,0
A0A2R6NH41,1,1,1
A0A2R6NLM1,0,1,1
A0A2R6NR73,0,0,0
A0A2R6NRG9,0,1,1
A0A2R6NS81,1,1,1
A0A2R6P179,0,1,1
A0A2R6QEE4,1,0,0
A0A2R6QEE6,1,1,1
A0A2R6QEL6,0,0,1
A0A2R6QEY6,1,1,1
A0A2S6CK69,1,1,1
A0A2T2NCC7,0,1,1
A0A2T3ANK1,0,1,1
A0A2T3AXX5,0,1,1
A0A2T3B4T9,1,1,1
A0A2T4GX63,1,1,1
A0A2V1BEJ1,1,1,1
A0A2V5GPW6,1,1,1
A0A2V5HY06,0,1,1
A0A317SFZ5,1,1,1
A0A317SG86,0,1,1
A0A317SVR4,0,1,1
A0A317V3M8,1,1,1
A0A317VEE6,1,1,1
A0A317VND1,1,1,1
A0A317VX55,1,1,1
A0A317WAY1,1,0,1
A0A317WSS4,0,1,1
A0A317X4J1,1,1,1
A0A317X974,1,1,1
A0A318Y5U9,0,1,1
A0A318YUS2,1,1,1
A0A318Z9M0,1,1,1
A0A318ZV59,1,1,1
A0A319A7T7,0,0,1
A0A319B068,0,0,1
A0A319BVC0,0,1,1
A0A319C1G8,1,1,1
A0A319CQX1,0,0,1
A0A319EC09,1,1,1
A0A319EH42,1,1,1
A0A364L9C3,0,1,1
A0A369GY85,1,1,1
A0A369HIV7,0,0,1
A0A369JE88,0,1,1
A0A370BNM5,1,1,1
A0A370BYK4,1,1,1
A0A370P6R0,1,1,1
A0A370PBN1,1,1,1
A0A371CJQ8,1,1,1
A0A371CJQ9,1,1,1
A0A371CJR6,1,1,1
A0A371CVL3,1,1,1
A0A371CVM6,1,1,1
A0A371D8W9,1,1,1
A0A371DB76,0,1,1
A0A371DB83,1,1,1
A0A371DB99,1,1,1
A0A371DBC7,0,1,1
A0A371DWR3,0,1,1
A0A395HC87,1,1,1
A0A395SUU7,0,1,1
A0A397FY35,1,1,1
A0A397G9C2,1,1,1
A0A397GCR2,1,1,1
A0A3A2ZEY4,1,1,1
A0A3D8RKW7,1,1,1
A0A3F3Q0M5,0,0,0
A0A3F3QEF1,1,1,1
A0A3F3R559,0,0,1
A0A3F3RB15,0,1,1
A0A3M0W9E1,0,1,1
A0A3M2SW73,1,1,1
A0A3M2TGY8,1,1,1
A0A3M7JSY0,1,1,1
A0A3M7N6X4,0,1,1
A0A3N4JN84,0,1,1
A0A3N4JND3,0,0,1
A0A3N4JRP9,1,1,1
A0A3N4JS56,0,0,1
A0A3N4JS66,0,1,1
A0A3N4JU41,1,1,1
A0A3N4JU49,1,1,0
A0A3R7JDN9,0,1,1
A0A401GTZ5,1,0,0
A0A401KK39,0,0,1
A0A409VU38,1,1,1
A0A409VW27,1,0,0
A0A409VZK4,0,1,1
A0A409W2A0,1,1,1
A0A409W3C3,0,1,1
A0A409W431,1,1,1
A0A409WIH5,1,1,1
A0A409WIJ7,0,1,1
A0A409WKH9,1,1,1
A0A409WL66,1,1,1
A0A409WUC1,0,1,1
A0A409WVH1,1,1,1
A0A409XAZ9,0,0,1
A0A409Y1F8,0,1,1
A0A409YE93,0,1,1
A0A409YP78,1,1,1
A1C4B9,1,1,1
A1C778,1,1,1
A1DBJ6,0,0,0
A1DI24,0,0,0
A2A117,0,0,0
A2A118,1,1,1
A4PEU0,0,1,1
A4PEU2,1,1,1
A4PEU3,1,1,1
A6REU2,1,1,1
A8E0T5,1,1,1
A8E0T6,1,1,1
A8E0U1,0,1,1
A8HK04,1,1,1
A8HK08,1,1,1
A8HK09,1,1,1
A8HK11,0,0,0
A8HK12,1,1,1
A8HK20,0,1,1
A8HK21,1,1,1
A8NG29,1,1,1
A8NKF8,1,1,1
A8NKF9,0,1,1
A8P2F8,1,1,1
A8PA37,1,1,1
A8PFW4,0,0,0
A9Q070,0,0,0
A9X619,1,1,1
A9X622,1,1,1
A9X623,1,1,1
A9X625,1,0,0
A9X626,0,0,0
A9X627,0,0,0
A9X628,0,1,1
A9X632,1,1,1
A9X633,1,1,1
A9X636,0,0,0
A9X638,1,1,1
A9X640,1,1,1
A9X641,1,1,1
A9X644,1,1,1
A9X645,1,1,1
A9X646,1,0,0
A9X647,1,1,1
A9X648,1,1,1
A9X649,1,1,1
A9X650,0,1,1
A9X651,1,1,1
A9X653,1,1,1
A9X655,0,1,1
A9X656,1,0,0
A9X657,1,0,1
A9X658,1,0,0
A9X659,1,0,0
A9X661,1,1,1
A9X662,1,1,1
A9X663,1,1,1
B0DG18,1,0,1
B0E003,0,1,0
B0E2E5,1,1,1
B0Y9N0,1,1,1
B8MPD8,0,1,1
B8N650,1,1,1
B8NF34,1,1,1
B8NTJ8,0,0,0
B8R3G7,0,0,1
B9DQV1,0,0,0
B9DQV3,1,1,1
B9DQV5,1,1,1
B9DQV7,1,1,1
B9DQV9,0,0,0
B9DQW1,1,0,0
B9DQW3,1,1,1
B9DQW4,0,1,1
B9DQW6,0,1,1
B9DQY0,1,1,1
B9DQZ0,1,1,1
B9DQZ1,1,1,1
B9DQZ3,0,1,1
B9DQZ9,1,0,1
B9DR10,1,1,1
B9DR16,1,1,1
B9DR17,1,1,1
B9DR18,1,1,1
C9K6V0,1,1,1
D4QDW5,1,1,1
D4QDW9,0,1,1
D4QDX0,1,1,1
D4QDX1,1,1,1
D4QDX2,1,1,1
D4QDX4,1,1,1
D4QDX6,1,1,1
D4QDX9,1,1,1
D4QDY1,1,1,1
D4QDY2,1,1,1
D4QDY3,1,1,1
D5G8R0,1,1,1
D6RQ66,1,1,1
D8PTH5,0,0,1
D8PU87,1,0,1
D8Q897,1,1,1
D8QC97,1,1,1
E0WHQ7,1,1,1
E2L3L7,1,1,1
E2L4D3,1,1,1
E2L6R1,1,1,1
E2L987,1,1,1
E2LC43,1,1,1
E2LGM6,1,0,0
E2LJB6,1,1,1
E2LNR9,0,1,1
E2LNZ8,1,1,1
E2LYH9,1,1,1
E2LYX7,1,1,1
E9E3C8,1,1,1
F8P1K8,1,1,1
F8Q2N4,1,1,1
F8RGZ4,0,0,1
F8VB85,1,1,1
F8VB86,1,1,1
F8VB87,1,1,1
F9FTH0,1,1,1
G3Y0H9,0,1,1
G3Y8G3,1,1,1
G7XT76,0,0,0
G8A517,1,1,1
G8A522,0,1,1
G8A533,1,1,1
G8A559,1,1,1
G8A563,1,1,1
I4Y8H8,1,1,1
I4YAP5,0,1,1
I8IDD3,0,1,1
I8U4Q7,1,1,1
J4HW75,1,1,1
K2R8K2,1,1,1
K3VJE5,1,1,1
K5UND1,0,1,1
K5UV97,1,1,1
K5VPW4,0,1,1
K5VPW8,1,1,1
K5VR31,1,1,1
K5VYC8,1,1,1
K5W3Y9,1,1,1
K5W3Z4,1,1,1
K5W8D4,1,1,1
K5WEB1,0,1,1
K5WTZ5,1,1,1
K5X107,0,1,1
K5X110,1,1,1
K5X119,0,0,0
K5X9J7,0,1,1
K5XDU1,1,1,1
K5XDU5,1,1,1
K5XDV0,0,0,0
K5XP99,1,1,1
K9GF33,1,1,1
L7KDG7,0,0,0
M2PIC9,0,1,1
M2PID4,1,1,1
M2PWK2,0,1,1
M2PWK7,1,1,1
M2PWP7,1,1,1
M2QFS7,1,1,1
M2QVR9,1,1,1
M2QVV1,1,0,1
M2R9W1,1,1,1
M2R9W6,1,1,1
M2RQR4,1,1,1
M2RQR9,1,1,1
M5GCJ4,1,1,1
N4UKP3,0,1,1
O59983,1,1,1
O59984,1,1,1
O59985,1,1,1
O59986,1,1,1
O59988,1,1,1
O59989,1,1,1
O59990,0,0,0
O59991,0,1,1
O59992,1,1,1
O59993,1,1,1
O59994,1,1,1
O59995,0,1,1
O59996,1,1,1
O59997,1,1,1
O59998,1,1,1
O59999,1,0,1
O60000,0,1,1
O60001,1,0,1
O60002,1,1,1
Q0CES6,0,1,1
Q0CIJ2,0,1,1
Q0PCV2,0,0,1
Q0WY27,1,1,1
Q0WY30,1,1,1
Q0WY35,1,1,1
Q0WY40,1,1,1
Q2U814,0,1,1
Q2UD05,1,1,1
Q58IF3,1,1,1
Q58IF5,0,1,1
Q58IG6,1,1,1
Q58XI6,1,1,1
Q58XI7,1,1,1
Q6J758,0,0,1
Q6J759,0,1,1
Q6J760,1,1,1
Q6J763,0,0,1
Q6J765,1,1,1
Q6J766,0,1,1
Q75T84,1,1,1
Q86ZF5,0,0,1
Q86ZF6,1,1,1
Q86ZF7,1,1,1
Q8TFE7,1,1,1
Q8TFE8,0,1,1
Q8TFF0,1,1,1
Q8TFF2,1,1,1
Q8TFU9,1,1,1
Q8TFV0,1,1,1
Q8TFV2,1,1,1
Q8TFV3,1,1,1
Q8TFV4,1,1,1
Q8TFV6,0,1,1
Q8TFV7,1,1,1
Q8TFV8,0,1,1
Q8TFV9,1,1,1
Q8TFW1,1,1,1
Q96VD0,1,1,1
Q96VD1,1,1,1
Q96VD2,1,1,1
Q9HFD1,1,1,1
Q9HGW9,1,0,0
Q9HGX0,1,1,1
Q9P8T0,0,1,1
Q9Y8F0,1,1,1
R1EQJ4,0,1,1
R7S187,1,1,1
R7S472,1,1,1
R7S567,0,1,1
R7S5T3,1,0,0
R7S5T6,1,1,1
R7SSP5,1,1,1
R9AAE5,1,1,1
R9ACB9,0,1,1
R9AI23,1,0,0
R9APR4,1,1,1
S0EAU9,0,0,0
S7PXG6,1,1,1
S7PZV8,0,1,1
S7Q3R9,0,1,1
S7RCB5,1,1,1
S7RG52,1,1,1
S7RHM1,1,1,1
S7ZUU9,1,1,1
S8F3H1,1,1,1
V2WJN4,1,1,1
V2WLS6,1,1,1
V2WX15,1,1,1
V2X9W3,1,1,1
V2XZB2,1,1,1
V5FTA3,1,1,1
V5RCZ0,1,1,1
V5RDW0,1,1,1
W2S4P7,1,1,1
W6QAR0,1,1,1
W7N2I2,1,1,1
EKD14465.1,1,1,1
CBJ94531.1,1,1,1
ABS59376.1,1,1,1
ABS59371.1,1,1,1
ABS59370.1,1,1,1
ABS59363.1,1,1,1
CAC27408.1,1,1,1
CAC27407.1,1,1,1
CAA63446.1,1,1,1
CAA74940.1,1,1,1
TFK96593.1,0,1,1
RFU79287.1,1,1,1
AWT58108.1,0,0,0
AWT58105.1,1,1,1
AWT58101.1,1,1,1
AWT58094.1,0,1,1
XP_024750206.1,0,0,0
POS80954.1,0,1,1
XP_959282.2,1,1,1
XP_003714057.1,0,1,1
XP_016758910.1,0,1,1
KPA37734.1,1,1,1
KPA35402.1,1,1,1
XP_013938377.1,1,1,1
ETS04637.1,1,1,1
EKV46978.1,1,1,1
EKV46977.1,0,0,1
EKV46315.1,0,1,1
EFY84450.1,1,1,1
KEY82244.1,0,1,1
ABE60727.1,1,1,1
AAN76355.1,1,1,1
CAD42710.1,1,1,1
OAA34701.1,1,0,0
CAD92803.1,0,0,1
CAA67187.1,0,0,0
APD13840.1,1,0,0
APD13839.1,0,1,1
TFK51399.1,1,1,1
TFK43772.1,1,0,1
TFK37436.1,0,0,1
TFK37357.1,0,1,1
TFK37348.1,0,1,1
TFK37346.1,1,1,1
TFK37345.1,1,1,1
TFK37343.1,1,1,1
TFK37342.1,0,1,1
TFK37339.1,1,1,1
TFK37336.1,1,1,1
TFK35245.1,1,1,1
TFK32947.1,0,1,1
TDT19456.1,1,1,1
RGP72492.1,1,1,1
RFU79337.1,1,1,1
RFU79336.1,0,1,1
AWT58107.1,1,1,1
AWT58106.1,0,1,0
AWT58104.1,1,1,1
AWT58103.1,1,1,1
AWT58096.1,1,1,1
AWT58095.1,1,1,1
AWT58093.1,0,1,1
AWT58092.1,1,0,1
XP_018709212.1,0,0,0
ANO38356.1,0,0,0
OAA76564.1,0,0,0
KZZ98931.1,0,0,0
KPA36768.1,0,1,1
XP_013960105.1,0,0,0
XP_013953949.1,1,0,0
XP_013951012.1,1,0,0
XP_013948292.1,1,0,0
XP_013940454.1,0,1,1
XP_013940453.1,0,1,1
KLP15837.1,0,0,1
KIP11532.1,1,1,1
KIP11531.1,0,1,1
KIL86433.1,1,1,1
BAI94605.1,1,1,1
CAD28414.1,1,1,1
CAD28410.1,0,0,1
CAD28405.1,0,1,1
BAC77248.1,1,1,1
pdb|2FMC|A,1,1,1
pdb|2LFN|A,0,1,1
pdb|4BWH|A,1,1,1
pdb|2K6A|A,1,1,1
AQA29547.1,1,0,1
AQA29546.1,1,1,1
AQA29541.1,0,1,1
AQA29523.1,1,1,1
EME49386.1,1,1,1
CDK12892.1,1,1,1
ADP37438.1,1,1,1
AAY89101.1,1,0,0
ABE27986.1,1,1,1
CAM91368.2,1,0,1
CAD97454.1,1,1,1
XP_028493055.1,0,0,0
XP_028496519.1,1,0,1
XP_028497054.1,0,1,1
TFK93199.1,1,1,1
TFK91069.1,1,0,0
TFK91067.1,0,1,1
TFK91052.1,1,1,1
TFK82504.1,0,0,0
TFK82424.1,0,1,1
TFK81983.1,1,0,0
TFK71001.1,0,0,0
TFK61447.1,1,1,1
TEB32732.1,1,1,1
TEB23115.1,1,1,1
RPD79070.1,1,1,1
RPD55316.1,1,1,1
RMZ69601.1,1,1,1
ELA33409.1,1,1,1
RKU47763.1,0,0,1
RGP74456.1,1,1,1
RAR09758.1,1,1,1
PVH95601.1,1,0,0
PVH84708.1,1,1,1
PQE25850.1,0,0,0
PQE14891.1,1,1,1
PQE11198.1,0,0,1
POS72270.1,1,1,1
POR38420.1,1,1,1
PMD48616.1,0,1,1
PMD17559.1,0,1,1
ATY62608.1,1,1,1
ATY60554.1,0,1,1
XP_022477965.1,1,1,1
XP_022479042.1,0,1,1
GAP82833.1,0,0,0
GAP88960.1,0,1,1
XP_018142303.2,1,1,1
XP_020132287.1,1,1,1
XP_007917818.1,1,1,1
XP_003009727.1,0,1,1
XP_003002035.1,1,1,1
OTA55654.1,0,0,1
ORY68336.1,0,0,0
ORY57437.1,1,1,0
EGY17904.1,0,0,0
EFQ34930.1,0,1,1
OBR04848.1,1,1,1
KXJ87464.1,1,1,1
KXH63082.1,1,1,1
KXH53127.1,1,1,1
KXH40266.1,1,1,1
KUJ20303.1,1,1,1
XP_014549845.1,0,1,1
KPA38380.1,1,0,1
XP_008100066.1,0,1,1
KKY29912.1,1,0,0
KKY13662.1,1,1,1
KJY02523.1,1,1,1
EQL03934.1,1,1,1
EPE32491.1,1,1,1
EMR67611.1,0,0,0
EGX90434.1,1,1,1
KIY50838.1,0,1,1
KIJ21247.1,0,1,1
KID90820.1,0,0,0
KDN69362.1,0,0,0
KDN61902.1,1,1,1
KDB11193.1,1,1,1
AHL20220.1,1,1,1
AHL20219.1,1,1,1
AHL20218.1,1,1,1
EXF78277.1,0,0,0
EQB58805.1,0,0,0
EQB46858.1,0,1,1
CCD49285.1,0,1,1
CCD47622.1,1,1,1
CCD43297.1,1,1,0
EMR84211.1,1,1,1
EMR82851.1,1,1,1
EMR82223.1,1,1,1
ELU38379.1,1,1,1
EKG10999.1,1,1,1
CCF32111.1,0,0,1
AAO16870.1,0,0,0
AAM88289.1,0,0,0
AAZ66376.1,1,1,1
CAM91376.2,0,1,1
CAD92804.1,0,0,0
CAB39311.1,1,1,1
CAB39310.1,1,1,1
TQW12458.1,0,0,0
TQW12081.1,0,0,0
TQW10839.1,0,1,1
TQW01963.1,1,1,1
TPR10397.1,0,0,1
TPR07891.1,1,1,1
TPR03089.1,1,1,1
THU91484.1,1,1,1
THU76411.1,0,0,0
TFK48976.1,0,0,1
TDL24349.1,1,1,1
TDL20386.1,1,1,1
TBU48960.1,0,1,1
RZR67327.1,1,0,1
RMZ42009.1,1,1,1
VBB77193.1,1,1,1
RII15265.1,0,1,1
RGP80773.1,1,1,1
RGP72493.1,1,1,1
RGP59204.1,0,0,0
RFN55279.1,1,1,1
RFN43643.1,1,1,1
PWO22122.1,1,1,1
XP_025541423.1,1,1,1
RAQ47087.1,1,0,0
PIG90395.1,1,1,1
PIG69250.1,0,0,0
SCO80550.1,1,0,0
XP_018138549.1,0,0,0
XP_018138371.1,1,0,0
XP_018139301.1,1,1,1
XP_018139353.1,1,0,0
XP_018140378.1,0,0,0
PAV14762.1,1,1,1
XP_018701757.1,1,1,1
XP_018702514.1,1,0,0
XP_018703026.1,1,1,1
CVL02611.1,0,1,1
CZR35740.1,1,1,1
OIW32937.1,1,1,1
OIW27635.1,0,1,1
OHW99454.1,1,1,1
OHW98312.1,1,0,0
XP_018163454.1,1,1,1
ACF72709.1,1,1,1
EER41849.1,1,1,1
ABS28740.1,1,0,0
OCH87293.1,1,1,1
OCH87291.1,1,1,1
OCH87289.1,1,1,1
OCH87287.1,1,1,1
OCH87277.1,1,0,0
OCH87272.1,1,1,1
OCH85602.1,1,1,1
OCH85360.1,1,1,1
OCB91497.1,1,1,1
OCB90812.1,1,1,1
OCB87614.1,1,1,1
OCB87238.1,1,1,1
OCB86597.1,1,1,1
OAT07074.1,1,1,1
EEQ92373.1,1,1,1
OAQ22303.1,1,1,1
OAA77058.1,1,1,1
OAA76802.1,1,1,1
OAA74842.1,0,0,0
OAA74741.1,0,0,0
OAA74512.1,1,0,0
OAA42533.1,0,1,1
OAA33284.1,1,0,0
KZN93948.1,1,0,0
KZN93947.1,1,0,0
KZN93945.1,1,1,0
KZL83328.1,1,0,0
KZL67696.1,1,0,0
KZL66988.1,1,0,0
KPA37256.1,1,1,1
KPA36767.1,0,0,0
CDP27081.1,1,0,1
EEH05946.1,1,0,1
AAO16869.1,1,1,1
ABE27987.1,1,0,1
pdb|4AOG|A,1,1,1
pdb|4BHU|J,1,1,1
pdb|4BHU|I,0,0,1
PPQ75285.1,0,0,1
EME40396.1,1,1,1
sp|P71014.2|BSLA_BACSU,0,0,0
sp|P52755.1|QID3_TRIHA,1,1,1
PCD42807.1,0,1,1
PCD32535.1,1,1,1
XP_003855504.1,1,1,1
XP_003855192.1,0,0,0
EGR49910.1,1,1,1
EKV46314.1,1,0,1
EKV46309.1,1,1,1
EKV46268.1,0,1,1
EKV46160.1,0,0,1
EKV44424.1,1,1,1
EKV44418.1,0,0,0
EKV44414.1,0,0,0
EKV44413.1,1,1,1
CAK97096.1,0,1,1
EGZ71344.1,0,1,1
CAM33592.1,1,1,1
XP_009262716.1,0,0,0
WP_119995975.1,0,1,1
WP_119914193.1,1,0,0
WP_103672559.1,1,1,1
WP_101864219.1,0,1,1
WP_087993353.1,0,0,0
WP_077671144.1,1,1,1
WP_075748897.1,1,1,1
WP_044160301.1,0,1,0
WP_041056044.1,1,0,1
WP_029946185.1,1,1,1
WP_024571875.1,1,1,1
WP_024122618.1,1,1,1
WP_015251365.1,1,1,1
WP_014665133.1,1,1,1
WP_014477779.1,1,1,1
WP_010331624.1,1,1,1
WP_010329773.1,1,1,1
WP_003242255.1,1,0,1
WP_003222741.1,0,1,0
WP_036924621.1,0,0,1
WP_036865312.1,1,1,1
WP_009011438.1,1,1,1
WP_004360803.1,1,1,1
sp|Q4WRY5.1|LAEA_ASPFU,1,0,0
QBZ61661.1,1,0,0
TGJ63113.1,1,1,1
XP_028509908.1,0,0,0
XP_028511428.1,0,0,1
TFL01019.1,0,1,1
TFK99325.1,1,1,1
TFK95684.1,1,1,1
TFK95236.1,1,1,1
TFK93196.1,1,1,1
TFK82602.1,1,1,1
TFK71301.1,0,1,1
TFK64502.1,0,0,0
TFK60752.1,0,1,1
TEB31599.1,1,1,1
TEB27932.1,0,1,1
TEB23107.1,1,1,1
TEB20998.1,1,1,1
RYO65887.1,0,1,1
RYO53598.1,0,1,1
sp|D4APE0.1|A6108_ARTBC,0,1,1
RPD71287.1,0,1,1
RPD71286.1,1,0,0
RPD68810.1,1,0,0
RPD65513.1,0,0,1
RPA99696.1,0,1,1
RPA85338.1,1,1,1
ROW07482.1,1,1,1
ROW06995.1,1,1,1
ROW03447.1,1,1,1
ROW01230.1,1,1,1
ROV87124.1,1,1,1
ROV86976.1,1,1,1
ANW18921.1,1,1,1
RMJ19962.1,1,1,1
VBB86190.1,1,1,1
ELA32569.1,0,0,0
RKP02789.1,1,0,0
RKO95682.1,0,0,0
RKL33547.1,1,0,0
RKL20294.1,0,0,0
RKL18457.1,0,0,0
RKL16582.1,1,0,0
RKK77757.1,1,1,1
RII19055.1,0,0,0
AXU13498.1,0,0,0
RGP72425.1,0,0,0
WP_117357501.1,0,0,0
RFU31451.1,1,0,0
RFN55241.1,0,0,0
RDW94503.1,1,1,1
RDW88920.1,1,1,1
RDL42077.1,0,1,0
RDI87268.1,1,0,0
RDI79052.1,0,0,0
RDH23720.1,1,1,1
RDA95915.1,1,1,1
RDA91011.1,1,1,1
RDA86683.1,1,1,1
RCI14503.1,1,1,1
RCI10174.1,1,1,1
RBR26338.1,1,1,1
RBQ91627.1,1,1,1
RBQ88615.1,1,1,1
RBQ79106.1,1,1,1
PZD49661.1,1,1,1
PZD47893.1,1,1,1
PZD31192.1,1,1,1
XP_025589377.1,1,1,1
XP_025557626.1,1,1,1
XP_025530936.1,1,1,1
XP_025543488.1,1,1,1
XP_025545265.1,1,1,1
XP_025545050.1,1,1,1
XP_025548330.1,1,1,1
RBA15506.1,1,1,1
RBA13562.1,1,1,1
XP_025507596.1,1,1,1
XP_025507687.1,1,1,1
XP_025520592.1,1,1,1
XP_025488701.1,1,1,1
XP_025444967.1,1,1,1
XP_025446161.1,1,1,1
XP_025478552.1,1,1,1
XP_025428674.1,1,1,1
XP_025384916.1,0,1,1
XP_025384915.1,1,0,0
XP_025384914.1,1,1,1
XP_025398673.1,0,0,0
RAR15381.1,0,0,0
RAK80356.1,0,1,0
PYI29750.1,1,1,1
PYI22888.1,0,0,1
PYH96116.1,1,1,1
WP_109283313.1,0,1,0
PWI76786.1,0,1,1
PVH71663.1,1,1,1
PVG00406.1,1,0,0
PVF92941.1,1,1,1
PVF91351.1,1,1,1
XP_024767883.1,1,1,1
XP_024779844.1,1,1,1
XP_024762013.1,0,1,1
XP_024732862.1,1,1,1
XP_003348259.1,0,1,1
XP_001907576.1,0,0,1
PTB76311.1,1,1,1
PSR82511.1,0,0,1
PSR80018.1,0,1,1
PSN73566.1,1,0,0
PSN61481.1,0,1,1
PSK53775.1,1,1,1
PQK17230.1,1,1,1
PQE33816.1,0,1,1
PQE26870.1,1,0,1
PQE07621.1,0,1,1
PQE03066.1,1,1,1
PPQ82118.1,1,1,1
PPJ58862.1,1,1,1
PPJ55360.1,1,1,1
PPJ51365.1,1,1,1
XP_023434080.1,1,1,1
XP_023432713.1,1,1,1
POS73946.1,1,1,1
PNY26163.1,1,1,1
PNS21569.1,1,1,1
PNP79793.1,1,1,1
PNP51815.1,1,1,0
PNP49450.1,1,1,1
PNP44485.1,1,1,1
PNP41890.1,1,1,1
WP_102917806.1,1,1,1
PNH73641.1,1,1,1
XP_023448514.1,1,1,1
XP_023449661.1,0,1,1
PMD48614.1,1,1,1
PMB64752.1,1,1,1
PKS11735.1,0,1,1
PKR99485.1,1,1,0
PKR97861.1,0,0,0
PKR97337.1,0,1,1
SMR47992.1,0,0,0
SMR46753.1,1,0,0
CZT14224.1,0,0,1
CZT15874.1,0,1,1
CZT16854.1,1,0,0
CZT21430.1,0,1,1
CZT23443.1,1,0,0
CZT23266.1,1,1,1
CZT25796.1,1,0,0
PHH93053.1,1,1,1
PHH89512.1,1,1,0
PHH82415.1,0,0,0
PHH79106.1,0,1,1
PHH73999.1,1,1,1
PHH67928.1,1,1,1
PHH66748.1,1,1,1
PHH65630.1,1,1,1
PHH63567.1,0,1,1
PHH62989.1,1,1,1
PFH63424.1,1,1,1
PFH62401.1,1,1,1
SCN67767.1,0,1,1
XP_022514973.1,1,1,1
XP_022497102.1,1,1,1
XP_022487343.1,1,1,1
XP_022471002.1,1,1,1
PCH39079.1,1,1,1
PBK85232.1,1,1,1
PBK73464.1,1,1,1
PBK66014.1,1,1,1
PAV14604.1,0,0,0
PAV14596.1,0,1,0
XP_001796829.1,0,0,0
XP_001793705.1,0,0,0
XP_003845467.1,1,0,0
XP_022205103.1,0,0,0
SMY21896.1,0,0,0
SMQ48205.1,1,0,0
SMQ47727.1,0,0,1
XP_001598914.1,0,0,1
XP_001597020.1,1,0,0
XP_001592522.1,0,0,1
XP_001589527.1,0,0,1
XP_009219127.1,0,0,1
XP_009218419.1,1,0,0
XP_007698063.1,0,0,0
XP_007695827.1,0,0,0
XP_003853092.1,0,0,0
OTB16184.1,1,0,0
OTB15827.1,1,1,1
OTB11658.1,1,1,1
OTB03766.1,1,1,1
OTB01619.1,1,1,1
OTB00132.1,1,1,1
OTA98786.1,1,1,1
OTA98785.1,0,0,0
OTA90586.1,1,1,1
OTA87779.1,0,1,1
OTA84411.1,0,0,0
OTA69595.1,1,0,1
OTA53338.1,1,0,0
OSS49008.1,1,1,1
ORY16008.1,0,0,0
WP_083877574.1,0,0,0
OQV05141.1,0,0,0
OQO29460.1,0,0,0
OQN97664.1,0,0,0
OQD96379.1,0,0,0
OQD84352.1,0,0,0
WP_079164380.1,0,0,0
XP_020051798.1,0,0,0
XP_020059801.1,0,0,0
WP_079051627.1,0,0,0
WP_078607520.1,0,0,0
OOO14553.1,1,0,0
GAW11941.1,1,0,0
GAW13819.1,1,0,0
GAW15057.1,0,0,1
GAW17970.1,0,0,0
GAW20971.1,1,0,0
OMP85476.1,0,1,1
OLN87844.1,0,1,1
ESZ90224.1,0,1,1
OCT50574.1,0,1,1
EFQ36458.1,1,1,1
EEU35469.1,0,0,0
XP_016258883.1,0,1,1
XP_016211323.1,1,0,0
XP_016211321.1,1,1,1
XP_013312362.1,1,1,1
XP_003717406.1,1,0,0
XP_016759327.1,1,1,1
XP_016762875.1,1,1,1
OAL73054.1,1,1,1
OAL64022.1,0,0,0
XP_016630931.1,0,0,0
XP_016636004.1,0,0,0
KXJ91704.1,0,0,0
KYK58780.1,0,0,0
KXX81828.1,0,0,0
KXT15205.1,0,0,0
KXT12510.1,0,0,0
KXT00963.1,1,0,0
KXS98704.1,1,0,0
KXS97617.1,1,1,1
KXN92573.1,1,1,1
KXH62362.1,1,1,1
KXH50165.1,1,1,1
KXH34817.1,1,1,1
KXH32540.1,1,1,1
KXH31341.1,1,1,1
KXH25847.1,1,1,1
KUL89269.1,1,1,1
KUJ20298.1,1,1,1
CEN60283.1,1,1,1
CEL10428.1,0,1,1
KUI69615.1,1,1,1
KUI69349.1,0,1,1
KUI63596.1,1,1,1
KUI55640.1,1,1,1
KUI53035.1,1,1,1
KUI52471.1,1,1,1
GAQ44716.1,1,1,1
GAQ44715.1,1,1,1
XP_014557594.1,1,1,1
XP_014553479.1,1,1,1
AJQ89204.1,0,1,1
KPM41485.1,0,1,1
KPI39611.1,1,1,1
XP_014080990.1,1,1,1
XP_014078246.1,1,1,1
XP_013953235.1,1,1,1
XP_013429902.1,1,1,1
KEQ99768.1,1,1,1
KEQ97721.1,1,1,1
XP_013262917.1,1,1,1
XP_013279934.1,1,1,1
KNZ80178.1,1,1,1
CRK12591.1,1,1,1
CRK16519.1,1,1,1
CRK35134.1,1,1,1
CRK47953.1,1,1,1
CRK47946.1,1,1,1
CRJ84726.1,1,1,1
CRJ96283.1,1,1,1
CRK16773.1,1,1,1
CRK20241.1,1,1,1
WP_049565144.1,0,1,1
KLU87020.1,1,1,1
KLO13396.1,1,1,1
KKO99806.1,1,1,1
GAM83074.1,1,1,1
GAM91338.1,1,1,1
CEJ81518.1,1,1,1
CEJ80377.1,1,1,1
CEJ90140.1,1,1,1
CEJ93582.1,1,1,1
CEJ93581.1,0,1,1
CEJ93753.1,1,1,1
KJZ79698.1,1,1,1
KJZ72241.1,0,1,1
KJZ71863.1,1,0,1
EUC51260.1,1,1,1
EUC40248.1,1,1,1
EUC35206.1,1,1,1
ETN38582.1,1,1,1
EQK99175.1,1,0,1
EPE33037.1,0,1,1
EPE26954.1,1,1,1
EOD52383.1,1,1,1
EOA91864.1,1,1,1
EOA84892.1,0,0,0
ENH66835.1,0,0,0
ENH62321.1,0,0,0
EME81711.1,1,1,1
EME41953.1,1,1,1
EMD35904.1,1,1,1
KJK95874.1,1,1,1
KJK60159.1,1,1,1
EXK86091.1,1,1,1
EXK81874.1,1,1,1
EXA33710.1,1,1,1
EON67072.1,1,1,1
ELQ58101.1,1,1,1
ELQ33427.1,1,1,1
EKV46299.1,1,1,1
EJP68103.1,1,1,1
EJP60711.1,1,1,1
EJD07127.1,1,1,1
EIW83604.1,1,1,1
EIW64100.1,1,1,1
EIW55698.1,1,1,1
EIW52221.1,1,1,1
EIN12081.1,1,1,1
EFQ87838.1,1,1,1
EFQ86223.1,1,1,1
EEQ29562.1,1,1,1
KIY50834.1,1,1,1
KIY50833.1,1,1,1
EWG47635.1,0,0,1
EWG38323.1,0,1,1
KIP10932.1,1,1,1
KIN99437.1,1,1,1
KIN00078.1,1,1,1
KIM95312.1,0,1,1
KIM63233.1,1,1,1
KIM39641.1,1,0,0
KIL90274.1,1,1,1
KIK95355.1,1,1,1
KIK66454.1,1,1,1
KIK62265.1,1,1,1
KIK62263.1,1,1,1
KIK62260.1,1,1,1
KIK14536.1,1,1,1
KIJ70368.1,1,1,1
KIJ67405.1,1,1,1
KIJ67321.1,1,1,1
KIJ57419.1,1,1,1
KIJ53977.1,0,1,1
KIJ53817.1,1,1,1
KIJ53816.1,1,1,1
KIJ51859.1,1,1,1
KIJ51363.1,1,1,1
KIJ50779.1,1,1,1
KIJ50777.1,1,1,1
KIJ49237.1,1,1,1
KIJ48494.1,1,1,1
KIJ48492.1,1,1,1
KIJ48486.1,1,1,1
KIJ48245.1,1,0,1
KIJ41358.1,1,1,1
KIJ29993.1,1,1,1
KIJ28306.1,1,1,1
XP_011118375.1,1,0,0
KID93776.1,0,1,1
KHO10766.1,1,0,0
XP_007743709.1,0,1,1
XP_007755171.1,0,0,0
KGQ07805.1,1,1,1
KFZ25111.1,1,1,1
KFZ10713.1,1,1,1
KFY51951.1,1,1,1
KFY44488.1,1,1,1
KFY33887.1,1,1,1
KFY08846.1,1,1,1
KFX96977.1,1,1,1
ETS86881.1,1,1,1
KFA74387.1,1,1,1
KFA71824.1,0,0,1
KEQ83179.1,0,1,1
KEQ81114.1,1,1,1
KEQ63735.1,1,0,0
KDR82500.1,1,1,1
KDR66742.1,1,1,1
KDR66716.1,1,0,0
KDR66706.1,1,1,1
KDQ29452.1,1,1,1
EZF63090.1,1,1,1
EXF82466.1,0,0,0
EXF79341.1,1,1,1
WP_004942951.1,1,1,1
CCE27177.1,1,1,1
CCE32402.1,1,1,1
CCE32651.1,1,1,1
EGX50663.1,1,1,1
ABR15767.1,1,1,1
ABR15766.1,0,1,1
ABR15765.1,1,1,1
XP_003025723.1,1,1,1
XP_002622511.1,1,1,1
EEB89685.1,1,1,1
CAQ16236.1,1,1,1
CAR81514.1,1,1,1
CAR81511.1,1,1,1
CAR81510.1,1,1,1
CAB02148.1,1,1,1
CAB02150.1,1,1,1
CAA25366.1,1,1,1
AAY78180.1,1,1,1
AAY78179.1,1,1,1
pir||T49763,1,1,1
prf||1011193A,1,1,1
WP_003242493.1,1,1,1
WP_133485579.1,1,1,1
WP_124072626.1,1,1,1
WP_122895617.1,1,1,1
WP_105990774.1,1,1,1
WP_101864341.1,1,1,1
WP_101172258.1,1,1,1
WP_101169655.1,1,1,1
WP_100505946.1,1,1,1
WP_095844037.1,0,1,1
WP_095712762.1,1,1,1
WP_088111860.1,1,1,1
WP_085185488.1,1,1,1
WP_075748449.1,0,1,1
WP_064815906.1,1,1,1
WP_061186532.1,1,1,1
WP_060399757.1,1,1,0
WP_059335176.1,1,1,1
WP_059292293.1,1,1,1
WP_046160968.1,0,1,1
WP_043858886.1,0,0,0
WP_040081494.1,1,1,1
WP_039075139.1,1,1,1
WP_032730318.1,1,1,1
WP_029726220.1,1,1,1
WP_024123256.1,1,1,1
WP_019716100.1,1,1,1
WP_019259799.1,0,1,1
WP_014665809.1,0,1,1
WP_014481241.1,1,1,1
WP_014478326.1,1,0,0
WP_010332321.1,0,0,1
WP_003235964.1,1,1,1
WP_003227472.1,1,1,1
WP_003222098.1,1,1,1
WP_129507772.1,1,1,1
WP_072183348.1,1,1,1
WP_071579154.1,1,1,1
WP_064816546.1,1,1,1
WP_109567544.1,1,1,1
KLG22154.1,1,1,1
WP_077736141.1,1,1,1
WP_111617581.1,1,1,1
WP_060856501.1,1,1,1
WP_056360481.1,1,1,1
WP_051217496.1,1,1,1
WP_014305918.1,1,1,1
QCY01276.1,0,1,1
WP_003410211.1,1,1,1
WP_052479052.1,1,1,1
QCT30933.1,1,1,1
TLE53846.1,1,1,1
TKD59540.1,1,1,1
TJZ72304.1,1,1,1
TJW27579.1,1,1,1
TAI09833.1,1,1,1
sp|B8N406.2|LAEA_ASPFN,1,1,1
WP_135031727.1,0,1,1
TFI39227.1,0,1,1
QBR22101.1,1,1,1
QBR22005.1,0,1,1
QBQ45832.1,1,0,0
TDU15915.1,1,1,1
TDO63523.1,1,1,1
TDI93840.1,1,0,0
WP_132221400.1,1,0,0
VFS67614.1,1,1,1
WP_023856952.1,1,0,0
WP_023856950.1,1,1,1
QBK81620.1,1,1,1
QBK80877.1,0,1,1
TCJ51488.1,1,1,1
QBG58264.1,1,1,1
QBG57985.1,1,1,1
QBG57542.1,1,1,1
TAI50787.1,1,1,1
TAI50786.1,1,1,1
TAI50698.1,1,0,1
RZV65082.1,1,0,1
QAW51144.1,1,1,1
WP_070082729.1,1,1,1
WP_043926892.1,1,1,1
WP_025810587.1,1,1,1
sp|P10069.1|BRLA_EMENI,1,1,1
KJI64891.1,0,0,0
ATH72310.1,0,1,1
WP_017367279.1,0,1,0
WP_102993462.1,1,1,1
RNI09446.1,0,1,0
WP_122905070.1,1,1,1
WP_122631372.1,0,1,1
AYQ18447.1,0,1,1
RMD50584.1,1,1,1
WP_106065317.1,1,1,1
WP_108417350.1,1,1,1
RKE76035.1,0,1,1
AWM84784.1,0,1,0
ABV62292.1,1,0,0
RHX70346.1,1,1,1
WP_117998749.1,1,1,1
RHJ11837.1,1,1,1
RHJ11751.1,1,1,1
WP_117730370.1,1,1,1
WP_061572196.1,1,1,1
WP_061570497.1,1,1,1
KYD06384.1,1,1,1
KND08973.1,1,1,1
KIL18145.1,1,1,1
EWH23785.1,0,0,0
EWH21922.1,0,0,0
WP_075213816.1,1,1,1
WP_116483745.1,0,0,0
RFN55280.1,1,1,1
KMK70912.1,1,1,1
RDY83792.1,0,1,1
KFK83414.1,0,1,1
KFK82605.1,1,1,1
KFK81802.1,1,1,1
RCX33951.1,1,1,1
WP_113387008.1,1,1,1
SPU04888.1,1,1,1
SPU05278.1,1,1,1
RAP17450.1,0,1,1
RAP16969.1,0,0,1
RAP13292.1,0,1,1
AWX23166.1,1,1,1
GBC64265.1,0,1,1
WP_048239839.1,1,1,1
WP_087634997.1,0,0,1
PWK03606.1,0,1,1
WP_107163709.1,1,1,1
WP_106833622.1,1,1,1
WP_054095730.1,1,1,1
WP_106295555.1,1,1,1
WP_106049373.1,1,1,1
WP_106047814.1,1,1,1
WP_060596340.1,1,1,1
WP_106070916.1,1,1,1
WP_106045451.1,1,1,1
WP_105981299.1,1,1,1
WP_105979488.1,1,1,1
WP_105925191.1,0,1,1
PSA95183.1,1,1,1
PRS89899.1,1,1,1
PRS65946.1,1,1,1
PRS45104.1,1,1,1
WP_026092324.1,1,0,0
WP_069449082.1,1,0,0
AUX13159.1,1,1,1
POO81720.1,0,1,1
POI14894.1,1,1,1
WP_077723173.1,0,0,0
WP_101860052.1,1,1,1
WP_060699014.1,1,1,1
WP_019715501.1,1,1,1
WP_101677171.1,1,1,1
AUJ76278.1,1,0,0
PKM92751.1,1,1,1
BBA78116.1,0,1,1
WP_100402939.1,0,1,1
ATV02457.1,0,1,1
WP_047203895.1,1,1,1
WP_099744236.1,0,0,1
WP_099725772.1,0,1,1
WP_099680628.1,1,1,1
WP_046129387.1,1,1,1
ATH93714.1,1,1,1
ATH93713.1,1,1,1
ATH93625.1,1,1,1
ATC51110.1,1,1,1
ATC50849.1,1,1,1
AKL78245.1,0,1,0
WP_083696842.1,1,0,1
WP_076759643.1,1,1,1
WP_076759640.1,0,1,1
WP_059292675.1,1,1,1
WP_032857151.1,0,1,1
AFZ92594.1,0,1,1
WP_095408556.1,1,0,1
WP_095324232.1,1,1,1
PAE33730.1,1,1,1
PAD64308.1,1,1,1
OZQ85860.1,0,1,1
OZQ66117.1,1,1,1
OZQ63154.1,1,1,1
WP_094760606.1,1,1,1
WP_093123132.1,0,0,0
OXM82700.1,1,0,0
WP_072367239.1,0,1,1
XP_007878510.1,1,0,0
XP_001538426.1,1,1,1
WP_044405422.1,1,0,0
pdb|4UYR|A,1,1,1
WP_087978166.1,1,1,1
ARW40974.1,1,1,1
ARW40716.1,1,1,1
ARW08728.1,0,1,0
ARW08459.1,1,1,1
WP_010200932.1,1,1,1
WP_020443520.1,1,1,1
SLN34383.1,1,1,1
WP_083698249.1,1,1,1
WP_082634686.1,0,1,1
WP_081379871.1,0,1,1
WP_081374654.1,1,1,0
WP_081043972.1,1,1,1
WP_080130538.1,0,0,0
OPX01533.1,1,1,1
WP_077735989.1,1,0,0
WP_026589147.1,0,0,0
GAT29996.1,0,1,0
WP_076788385.1,0,0,0
pdb|5MKD|D,0,0,0
OMI32364.1,1,1,1
OMI30774.1,1,1,1
WP_076208526.1,1,1,1
OME54557.1,0,0,0
OME45952.1,1,1,0
OME34423.1,0,0,0
OME30341.1,1,0,0
OME22858.1,0,1,1
OME10934.1,1,0,0
OMD97494.1,0,0,0
OMD94051.1,1,1,1
OMD86374.1,0,0,0
OMD80026.1,1,0,0
OMD75116.1,1,0,0
OMD68942.1,1,0,0
OMD60708.1,1,0,0
OMD57935.1,0,1,1
OMD51739.1,1,1,1
OMD06015.1,0,0,0
WP_075751643.1,0,0,0
WP_075646880.1,1,0,0
OLQ54688.1,1,0,0
OLQ45848.1,1,1,1
OLP66352.1,1,0,1
OLG05772.1,0,1,1
AKL86784.1,1,0,1
AKL86505.1,1,1,1
AKD31755.1,1,0,0
BAI86623.2,0,1,0
WP_046132439.1,0,0,0
WP_046129386.1,0,0,0
EGR52150.1,1,1,1
AAX21520.1,1,1,0
AAC13506.2,1,0,0
WP_061522680.1,0,0,0
WP_061522371.1,0,1,1
KZQ35363.1,1,1,1
AMM97360.1,0,1,1
KOH45743.1,1,1,1
KWX89001.1,1,0,0
WP_060657820.1,0,1,1
KUM97069.1,0,1,1
KUL18109.1,1,1,1
KUL13997.1,0,1,1
KUL11362.1,1,1,1
WP_058906425.1,1,0,0
WP_058013934.1,0,1,1
KRT91983.1,0,0,0
KRT90110.1,0,0,0
AGN38423.1,0,1,0
WP_048406517.1,1,0,1
GAD96731.1,1,0,0
WP_053783014.1,1,1,1
CUB43888.1,1,1,1
WP_053399523.1,0,0,0
pdb|4UYT|A,1,1,0
KNE76159.1,1,0,0
WP_049737078.1,1,1,1
CAK46216.1,1,1,1
CAK96765.1,1,1,1
KJJ43288.1,1,1,1
EFI97022.1,0,1,0
WP_044749523.1,1,1,1
KJD55160.1,1,1,0
CDH96772.1,0,0,0
AIZ60264.1,0,1,1
AJO29802.1,0,1,1
AJO29801.1,1,1,1
AJO29800.1,1,1,1
AJO29799.1,1,0,0
AJO29798.1,1,1,1
AAU42914.1,1,1,1
AJK67185.1,1,1,1
KIP10923.1,1,1,1
KIE28729.1,0,1,1
WP_034324236.1,0,0,0
AIW35355.1,1,1,1
WP_029419698.1,1,1,1
WP_029419697.1,0,1,1
WP_026589239.1,1,1,1
AGE64702.1,1,1,1
WP_019713414.1,1,1,1
WP_008360418.1,1,0,0
EME73570.1,1,1,1
BAM28634.1,1,1,1
AAC13519.1,1,0,0
AAC13501.1,1,0,0
AAC44367.1,1,0,0
AED75221.1,0,1,1
AED75220.1,1,0,0
AAT92283.1,1,0,0
AAR87726.1,0,1,1
AAR87725.1,1,0,1
ABH04284.1,1,1,0
CAA03501.1,1,1,1
CAA75895.1,1,1,1
tr|N4VSZ7|N4VSZ7_COLOR,1,0,0
tr|A0A1B8DEB8|A0A1B8DEB8_9PEZI,1,1,1
tr|A0A439DG19|A0A439DG19_9PEZI,1,1,1
tr|A0A177CA51|A0A177CA51_9PLEO,0,0,0
tr|A0A1L9N254|A0A1L9N254_ASPTC,0,0,0
tr|A0A179ITT4|A0A179ITT4_CORDF,0,0,0
tr|A0A179IDP0|A0A179IDP0_CORDF,1,1,1
tr|A0A178BXW5|A0A178BXW5_9EURO,0,1,1
tr|A0A2W1DWX3|A0A2W1DWX3_9PLEO,0,0,1
tr|A0A2W1CX74|A0A2W1CX74_9PLEO,0,0,0
tr|A0A1E1JYI9|A0A1E1JYI9_9HELO,1,0,0
tr|A0A1E1LC31|A0A1E1LC31_9HELO,1,0,0
tr|A0A1L7VQS4|A0A1L7VQS4_FUSPR,0,0,0
tr|A0A166D1M9|A0A166D1M9_9AGAM,1,0,0
tr|A0A2C5ZFI3|A0A2C5ZFI3_9HYPO,1,0,0
tr|A0A1B8AJ52|A0A1B8AJ52_FUSPO,1,1,1
tr|A0A1E1K6P4|A0A1E1K6P4_9HELO,1,1,1
tr|A0A2K0W1Q6|A0A2K0W1Q6_GIBNY,1,1,1
tr|A0A1B8ERA7|A0A1B8ERA7_9PEZI,1,1,1
tr|A0A1B8EJC2|A0A1B8EJC2_9PEZI,1,1,1
tr|A0A2V8LG50|A0A2V8LG50_9BACT,1,1,1
tr|A0A2H8TRF8|A0A2H8TRF8_9HEMI,1,1,1
tr|Q3YED4|Q3YED4_CONVR,1,1,1
tr|A0A0C9MDP8|A0A0C9MDP8_9FUNG,1,1,1
tr|A0A3S5CXF9|A0A3S5CXF9_9PEZI,1,1,1
tr|A0A178ZN75|A0A178ZN75_9EURO,0,1,1
tr|A0A2W1G7H4|A0A2W1G7H4_9PLEO,1,1,1
tr|N4V0T2|N4V0T2_COLOR,1,1,1
tr|A0A1D1XUQ8|A0A1D1XUQ8_9ARAE,0,1,1
tr|A0A0C9LNK8|A0A0C9LNK8_9FUNG,1,1,1
tr|A0A0C9MAS2|A0A0C9MAS2_9FUNG,1,1,1
tr|A0A1Y2VW95|A0A1Y2VW95_9PEZI,1,1,1
tr|A0A1E1MKL1|A0A1E1MKL1_RHYSE,1,1,1
tr|A0A178E7A3|A0A178E7A3_9PLEO,1,1,1
tr|A0A3E2HBE7|A0A3E2HBE7_SCYLI,1,1,1
tr|A0A1L7X753|A0A1L7X753_9HELO,1,1,1
tr|A0A1L7XR61|A0A1L7XR61_9HELO,0,1,1
tr|A0A428RPB8|A0A428RPB8_9HYPO,0,1,1
tr|A0A1T3CNA4|A0A1T3CNA4_9HYPO,1,1,1
tr|A0A1L7TFK2|A0A1L7TFK2_FUSMA,1,1,1
tr|A0A0G2FYA3|A0A0G2FYA3_9PEZI,0,1,1
tr|A0A1L9N204|A0A1L9N204_ASPTC,0,0,0
tr|A0A014P1Y3|A0A014P1Y3_9HYPO,0,1,1
tr|A0A179I4M4|A0A179I4M4_CORDF,1,1,1
tr|A0A439D588|A0A439D588_9PEZI,1,0,1
tr|A0A0A1UNW7|A0A0A1UNW7_9HYPO,1,1,1
tr|A0A014PJR6|A0A014PJR6_9HYPO,0,1,1
tr|A0A1B7N9Z3|A0A1B7N9Z3_9AGAM,1,1,1
tr|A0A1L9N242|A0A1L9N242_ASPTC,1,0,0
tr|L8G7T8|L8G7T8_PSED2,0,1,1
tr|A0A1B8C4M9|A0A1B8C4M9_9PEZI,1,1,0
tr|A0A1B8A923|A0A1B8A923_FUSPO,1,1,1
tr|A0A1B8B5B0|A0A1B8B5B0_FUSPO,0,1,1
tr|A0A1B8AAF0|A0A1B8AAF0_FUSPO,1,1,1
tr|A0A161YJF2|A0A161YJF2_9PEZI,1,1,1
tr|A0A1B8A6D4|A0A1B8A6D4_FUSPO,1,1,1
tr|A0A1B8A9F1|A0A1B8A9F1_FUSPO,1,1,1
tr|A0A438MRB7|A0A438MRB7_EXOME,1,1,1
tr|A0A0D1Z463|A0A0D1Z463_EXOME,1,1,1
tr|G2Y9L8|G2Y9L8_BOTF4,1,1,1
tr|A0A166E844|A0A166E844_9AGAM,0,1,1
tr|A0A178AUY3|A0A178AUY3_9PLEO,1,1,1
tr|A0A166LJI5|A0A166LJI5_9PEZI,1,1,1
tr|A0A1L7X744|A0A1L7X744_9HELO,1,1,1
tr|A0A163BQD5|A0A163BQD5_DIDRA,1,1,1
tr|A0A1E1K7M3|A0A1E1K7M3_9HELO,1,1,1
tr|A0A1Y2VWN8|A0A1Y2VWN8_9PEZI,1,1,0
tr|A0A163FFY5|A0A163FFY5_DIDRA,1,1,1
tr|A0A2H5TZY6|A0A2H5TZY6_RHIID,1,1,1
tr|A0A162IG95|A0A162IG95_9PEZI,1,1,1
tr|A0A1B8AAU1|A0A1B8AAU1_FUSPO,1,0,0
gi|1736727141|gb|KAA1079130.1|,1,0,0
gi|1733511918|ref|WP_148963914.1|,0,1,1
