A,R,N,D,C,Q,E,G,H,I,L,K,M,F,P,S,T,W,Y,V
12,4,2,6,8,4,4,8,0,4,10,0,1,3,7,7,8,0,2,8
13,3,3,3,8,2,1,7,0,7,12,2,1,3,8,10,10,0,0,9
13,3,1,4,8,5,0,9,0,4,8,1,1,3,5,10,10,0,2,11
10,2,4,6,8,5,0,8,1,4,11,1,2,3,8,14,6,0,2,5
15,0,2,4,8,4,0,5,1,4,9,4,1,6,5,4,7,0,0,7
15,4,3,6,9,1,1,6,0,5,11,3,1,4,10,7,4,0,1,11
17,1,3,6,8,5,3,8,0,6,14,1,2,1,6,4,7,0,2,7
8,1,2,6,8,4,4,4,0,2,9,1,0,1,7,5,1,0,1,6
16,2,6,4,8,7,1,9,0,2,9,3,1,5,7,3,4,0,1,9
15,3,1,5,8,7,1,7,0,4,8,2,2,3,10,6,7,0,0,7
5,2,2,6,8,4,0,7,1,2,9,1,0,1,7,8,5,0,1,5
5,2,2,6,8,5,0,7,1,2,9,1,0,1,8,6,5,0,1,5
14,2,1,3,9,7,1,7,0,4,4,5,2,6,4,13,5,0,1,3
15,3,2,5,8,6,3,9,0,4,9,0,1,2,7,4,7,0,2,11
12,3,3,4,8,5,0,9,2,2,11,1,1,3,7,6,7,0,2,10
14,5,5,3,7,2,1,4,0,4,8,0,1,2,8,7,7,0,0,8
19,3,3,3,8,4,2,6,1,8,10,0,1,4,10,12,5,0,1,5
10,5,6,3,7,2,2,2,0,3,7,0,0,2,9,10,3,0,0,5
14,4,3,6,8,4,1,6,0,8,12,0,1,2,8,4,9,0,0,6
21,5,4,7,8,8,3,9,0,7,11,2,2,2,8,8,8,0,0,7
16,2,6,4,8,6,1,6,0,7,11,0,1,1,7,7,6,0,1,7
17,2,4,4,8,5,3,8,0,9,9,0,1,2,6,6,7,0,1,4
18,3,0,9,8,0,1,7,1,3,11,2,3,2,4,13,8,0,1,7
16,2,3,5,8,6,2,7,0,8,10,0,1,2,6,7,9,0,1,3
21,3,2,6,8,2,1,5,0,2,11,3,3,2,5,7,12,0,1,7
14,3,1,5,8,0,3,8,0,2,10,4,3,3,4,10,14,0,1,7
9,5,3,4,8,6,3,8,1,5,9,1,2,3,9,3,11,0,1,10
15,1,28,3,8,6,0,35,0,6,10,0,1,3,10,8,6,0,10,7
14,3,2,4,8,5,5,9,0,2,8,1,1,4,7,6,7,0,2,12
15,1,27,3,8,6,0,34,0,5,10,0,1,4,10,9,6,0,7,6
15,1,27,3,8,5,0,33,0,6,10,1,1,3,10,8,6,0,9,7
16,3,2,5,8,5,3,10,3,4,8,1,1,3,9,5,5,0,1,8
13,2,3,4,8,4,3,13,0,2,10,3,2,3,9,10,9,0,1,6
14,2,3,6,8,5,4,10,0,4,9,2,2,3,7,10,8,0,1,5
19,2,2,8,8,3,5,8,0,2,10,3,2,3,10,9,4,0,1,6
17,2,2,5,8,3,3,20,0,2,9,4,2,3,8,9,6,0,1,8
17,2,3,5,8,3,3,18,0,2,9,4,2,3,8,9,5,0,1,7
14,2,2,5,8,3,4,6,1,3,10,4,2,3,9,9,6,0,1,8
15,2,4,2,8,3,5,11,0,2,10,3,2,3,10,10,7,0,1,6
15,2,2,6,8,4,4,10,0,2,10,3,2,3,7,9,9,0,1,6
15,2,5,3,8,3,5,16,0,2,10,3,2,3,8,10,6,0,1,6
18,2,3,6,8,2,7,5,1,2,10,3,2,3,10,10,5,0,1,5
17,2,3,5,8,3,2,20,0,2,9,4,2,3,8,8,5,0,1,7
16,2,3,5,8,3,3,18,0,2,9,4,2,3,8,9,5,0,1,8
19,1,1,4,8,4,4,7,0,7,7,3,3,3,8,12,6,0,2,1
17,2,2,5,8,3,3,20,0,2,9,4,2,3,8,8,6,0,1,9
15,2,3,6,7,5,4,10,0,4,9,2,2,3,7,11,7,0,1,5
14,2,3,6,8,5,4,10,0,4,9,2,3,3,7,10,7,0,1,5
18,2,4,4,8,3,4,10,0,3,10,3,1,3,8,7,6,0,1,6
17,2,3,5,8,3,3,18,0,2,9,4,2,3,8,8,5,0,1,8
9,3,5,6,8,0,3,5,0,3,11,3,1,2,10,8,7,0,2,5
12,2,4,8,8,4,3,4,1,4,8,4,1,5,4,4,2,0,2,9
17,5,4,4,9,7,1,6,2,4,15,0,2,2,6,5,6,1,3,7
101,83,87,142,33,44,74,155,35,92,114,83,35,62,72,106,78,44,55,67
16,5,1,6,8,4,1,6,2,3,12,0,2,1,8,1,7,0,2,7
8,3,3,6,8,2,6,4,0,4,7,3,2,6,14,1,9,0,3,4
13,4,4,7,8,3,5,4,0,5,7,4,1,4,4,5,1,0,1,9
11,7,2,5,8,3,8,15,1,3,7,7,2,7,17,9,10,0,4,4
9,4,10,5,9,2,11,5,2,6,6,2,1,9,9,14,7,0,1,5
21,16,10,15,11,10,17,18,9,14,28,7,5,14,23,25,20,5,7,16
13,6,3,8,8,4,1,9,0,1,9,3,1,5,7,3,6,0,0,10
14,1,4,3,8,5,2,7,1,3,8,3,2,3,5,6,7,0,2,7
19,3,9,7,10,10,2,10,5,12,26,8,3,9,18,21,10,0,0,7
16,1,5,2,8,6,2,10,0,3,10,4,4,4,11,7,7,0,1,10
16,0,4,1,8,5,3,4,0,6,4,5,1,4,3,13,4,0,1,3
90,7,99,53,58,34,11,224,6,10,36,17,1,22,154,221,82,5,17,40
30,1,4,5,9,6,4,51,0,2,26,5,1,2,9,10,26,0,1,16
9,4,2,6,5,2,3,4,0,5,4,0,1,2,3,4,6,0,1,8
13,3,2,6,8,3,5,10,0,3,12,3,2,3,4,10,10,0,2,9
15,5,4,8,6,5,2,11,1,3,11,7,1,3,5,5,7,0,3,8
17,1,3,2,8,2,2,10,0,4,8,4,2,2,6,3,5,0,1,4
52,7,55,31,36,20,9,129,6,9,29,9,1,9,89,135,57,1,11,24
16,2,3,3,8,3,2,10,0,6,9,4,1,0,7,7,6,0,1,7
15,3,4,5,6,3,4,7,1,5,9,6,2,4,6,4,4,0,2,11
90,57,21,37,24,23,44,62,19,44,89,24,17,42,54,59,55,22,36,88
35,7,35,24,25,13,8,94,20,12,21,16,4,7,87,78,73,0,6,33
16,3,2,4,8,6,2,6,1,5,12,0,2,2,7,3,11,0,2,5
15,2,3,6,8,3,0,12,1,5,10,2,1,2,6,6,5,0,1,7
9,1,2,1,5,2,2,7,1,2,7,1,1,2,4,5,3,0,3,5
15,0,2,3,8,3,2,13,0,2,13,4,1,2,7,3,3,0,1,8
16,0,5,4,8,3,0,12,1,3,11,3,1,2,8,6,6,0,1,5
12,0,3,1,8,4,1,10,1,1,8,4,3,4,9,5,8,0,0,11
15,3,5,11,8,1,4,31,1,6,14,3,1,2,10,15,7,0,3,6
15,3,8,3,8,4,0,8,0,9,9,3,3,2,5,9,10,0,2,5
14,1,4,4,8,4,1,7,0,2,6,3,1,1,6,8,5,0,1,9
16,4,7,8,8,1,1,4,0,7,8,4,3,5,7,9,8,0,1,5
10,3,0,8,8,2,2,9,1,6,11,1,3,2,9,3,9,0,0,7
7,4,2,5,8,2,1,6,1,10,7,0,2,5,6,12,6,0,0,7
12,1,4,3,8,6,0,19,0,3,10,4,1,3,8,9,5,0,2,11
16,6,2,5,7,4,4,6,1,5,8,0,1,4,6,11,4,0,3,8
13,3,6,4,7,3,2,6,0,4,8,4,3,3,7,5,10,1,1,6
12,1,3,7,8,3,6,4,5,2,12,1,2,5,11,8,11,0,2,4
12,0,11,2,8,17,0,11,0,2,7,2,1,3,15,9,12,0,1,5
15,3,1,7,8,4,1,7,0,7,9,2,1,2,7,10,9,0,0,7
10,0,4,2,8,10,0,10,0,2,7,2,1,3,11,9,9,0,1,5
14,2,2,6,8,6,3,6,1,6,10,0,1,3,7,6,9,0,1,4
17,4,0,7,8,3,0,9,0,6,11,2,1,2,7,8,11,0,0,5
14,1,0,5,8,5,2,5,1,7,10,1,1,2,8,8,11,0,1,5
16,3,1,6,8,4,1,7,0,7,9,2,2,2,7,9,10,0,1,5
13,2,4,1,8,5,5,11,0,3,10,4,1,5,6,9,5,0,3,5
52,6,18,30,9,14,14,44,3,23,19,4,3,7,72,109,80,0,7,51
12,3,3,6,8,6,2,7,0,5,10,1,1,2,7,7,9,0,2,7
16,1,3,4,8,4,1,13,2,4,11,2,1,2,8,4,4,0,1,6
17,0,5,6,8,1,6,37,1,4,10,2,2,2,10,8,7,1,2,9
19,5,13,2,8,11,4,20,9,4,16,5,3,5,9,25,5,0,3,5
22,2,19,10,14,8,10,49,12,1,12,6,1,4,13,19,9,3,10,7
16,3,3,3,8,7,4,9,1,4,9,2,1,4,4,5,5,0,3,5
16,3,4,6,8,5,2,5,0,4,10,4,1,4,6,9,12,0,2,6
11,3,3,4,8,4,0,7,0,6,10,3,2,3,3,12,5,0,1,7
21,12,63,9,8,2,6,86,2,6,7,9,1,11,20,18,6,0,16,8
54,5,17,3,8,5,4,32,0,14,34,3,18,5,28,47,56,1,7,24
19,3,1,6,8,4,1,6,0,6,9,3,1,2,8,7,6,0,0,7
20,4,1,5,9,3,3,5,1,1,9,3,1,7,11,4,4,1,1,10
9,2,6,22,8,3,4,29,2,4,16,6,2,2,22,14,9,0,9,5
13,2,2,1,8,2,3,5,0,7,9,3,3,6,6,9,7,0,0,5
15,1,4,7,8,4,2,7,1,6,13,3,1,3,7,6,7,0,2,5
14,1,6,8,9,4,7,6,5,5,11,5,1,2,7,6,3,2,3,5
15,3,14,5,8,1,0,19,1,2,9,2,1,5,15,6,11,0,4,9
15,2,0,3,9,6,5,5,0,3,9,1,1,3,4,8,12,0,1,6
12,2,3,5,8,8,4,6,0,2,9,0,1,4,7,6,8,0,3,11
13,0,3,8,8,6,2,19,0,5,11,2,2,1,5,10,11,0,1,8
12,7,4,2,8,3,5,8,2,6,12,2,4,2,5,8,8,0,0,1
21,2,2,5,8,3,1,8,0,4,10,1,3,3,6,9,8,0,1,10
13,1,6,4,8,3,0,7,1,1,9,5,2,3,5,9,8,0,1,8
14,1,6,4,8,3,0,8,1,1,8,5,2,4,5,8,7,0,1,8
90,62,32,50,9,24,34,71,25,32,77,27,18,26,45,40,37,11,16,51
14,1,6,4,8,3,0,7,1,1,9,5,2,3,5,9,7,0,1,8
13,3,4,5,8,6,4,7,0,3,9,0,1,4,8,4,7,0,2,10
16,0,56,5,8,3,1,72,4,1,12,6,3,3,9,5,12,0,3,8
13,3,4,5,8,6,4,7,0,3,10,0,1,4,7,5,7,0,2,9
17,2,1,4,8,3,0,6,0,3,10,2,2,2,7,11,6,0,0,11
25,8,59,7,9,10,4,74,12,6,22,8,4,7,18,19,16,1,3,9
13,1,6,4,8,3,0,8,1,1,8,5,2,4,5,8,8,0,1,8
12,7,4,2,8,3,5,8,2,6,13,2,3,2,5,8,8,0,0,1
78,22,20,32,8,23,26,33,5,14,36,33,1,18,21,48,30,9,18,28
45,34,18,27,9,13,18,32,14,12,39,12,6,11,24,22,20,5,7,27
14,3,3,6,8,6,3,7,0,5,10,1,1,2,7,6,7,0,2,7
50,3,21,31,9,13,12,45,3,23,22,6,4,8,70,102,80,0,7,43
13,2,4,1,8,5,6,11,0,3,9,4,1,6,6,9,5,0,2,5
52,6,18,30,9,14,14,44,3,23,19,4,3,7,72,110,80,0,7,51
18,3,15,6,9,4,1,18,3,3,14,2,2,1,7,14,4,0,2,6
15,1,5,3,8,9,1,7,0,7,6,2,1,7,11,6,4,0,0,5
7,3,0,12,8,1,2,15,2,6,13,5,2,5,9,7,3,0,4,3
10,2,4,6,8,3,0,15,0,7,7,3,1,5,8,9,7,0,2,6
7,2,5,5,6,1,2,10,0,5,6,3,1,7,6,3,3,0,4,4
12,2,4,5,8,3,0,16,1,7,7,3,1,5,8,10,5,0,2,6
10,2,5,5,8,3,0,11,0,7,8,3,1,5,7,12,6,0,2,6
13,3,5,5,8,5,2,8,0,3,10,2,1,2,7,3,9,0,2,10
19,2,0,6,8,8,3,7,0,6,11,1,1,4,8,7,8,0,0,7
12,2,4,5,8,3,0,16,0,7,7,3,1,5,8,9,6,0,2,5
14,3,2,4,8,7,5,9,0,5,10,1,1,4,5,5,7,0,2,5
29,21,7,14,14,14,11,16,5,14,24,7,4,9,19,22,25,6,4,20
12,2,4,5,9,3,5,9,1,6,8,2,2,4,7,6,8,1,2,12
10,1,5,3,8,3,6,3,1,6,7,5,2,3,4,10,7,0,0,4
9,1,0,8,8,4,1,5,0,1,11,4,1,2,6,9,11,0,2,4
13,2,3,4,7,4,0,12,0,6,7,1,1,2,6,10,9,0,2,8
13,3,6,1,7,4,0,8,0,6,7,1,1,2,9,7,11,0,2,7
14,3,4,3,8,5,0,9,0,5,8,0,1,2,8,9,10,0,2,12
12,3,3,2,8,2,1,8,0,3,16,2,1,2,8,8,13,0,0,11
12,4,2,6,8,4,4,8,0,5,9,0,1,3,7,8,7,0,2,8
13,3,3,3,8,2,1,7,0,9,12,2,1,2,9,10,9,0,0,8
12,4,2,6,8,4,4,8,0,6,9,0,1,3,7,7,8,0,2,7
13,3,3,3,8,2,1,7,0,4,14,2,1,2,8,11,8,0,0,12
11,4,2,6,8,4,4,8,0,4,10,0,1,4,7,7,9,0,2,7
20,2,4,5,8,4,0,13,2,3,10,2,2,3,9,8,8,0,3,5
17,4,0,6,8,6,1,7,0,3,9,0,1,4,8,5,8,0,3,12
26,5,6,7,14,20,6,25,5,3,13,6,4,6,18,20,9,1,9,6
10,3,3,5,7,8,6,5,0,4,11,1,1,3,6,6,6,0,1,3
20,4,5,4,8,9,1,16,0,0,9,2,1,9,11,7,5,0,0,6
9,4,20,5,8,8,2,28,0,2,10,4,1,2,7,19,9,1,1,11
11,2,16,8,8,2,0,32,2,3,11,3,2,3,9,7,7,0,4,5
16,4,1,6,8,5,2,6,0,2,9,3,2,4,6,7,4,0,1,9
15,23,7,24,10,5,0,28,14,4,8,5,2,3,8,10,4,0,11,6
17,2,3,6,8,4,5,12,0,4,7,3,2,2,4,8,11,0,1,11
12,2,4,4,8,4,0,14,2,5,8,2,1,4,10,9,10,0,2,9
15,2,2,6,9,0,8,8,3,4,15,5,1,2,7,12,9,0,2,11
32,24,10,26,11,8,19,33,7,18,39,15,9,18,16,20,20,3,16,27
15,4,6,3,6,2,6,6,1,6,8,4,2,5,8,5,3,0,3,8
52,10,30,27,41,21,9,81,6,9,23,16,1,10,90,64,60,0,8,41
12,2,2,7,8,3,3,10,0,5,12,3,2,2,5,10,3,0,1,5
13,2,3,4,8,1,4,10,0,2,11,2,2,3,9,8,6,0,1,6
22,5,3,4,6,3,3,5,1,1,12,3,1,4,7,4,4,0,1,11
12,3,4,7,8,6,3,6,0,8,7,2,1,2,7,6,1,0,1,10
17,4,6,11,10,6,2,12,2,12,11,10,1,3,32,63,88,2,0,18
14,4,3,4,8,7,3,6,1,3,7,0,2,4,8,4,4,2,2,11
20,1,3,3,8,8,4,4,0,7,12,1,1,3,8,5,7,0,1,3
17,3,3,3,8,4,4,6,0,3,14,0,1,2,4,8,14,0,0,5
14,1,3,4,9,5,2,6,0,4,11,0,3,3,6,4,10,0,1,9
14,1,3,4,9,5,2,6,0,4,11,0,3,3,6,4,11,0,1,8
13,2,2,6,6,0,7,8,1,4,13,5,2,4,4,6,10,0,5,6
12,3,2,6,8,7,3,7,0,6,8,0,1,3,8,8,7,0,2,8
11,2,4,6,8,5,0,14,1,4,8,2,1,3,9,10,10,0,2,10
14,2,2,7,8,3,1,7,1,3,9,2,3,2,4,10,8,0,1,5
18,3,10,6,10,4,3,27,6,4,10,4,2,3,21,29,23,0,2,12
14,3,2,4,8,6,1,7,0,7,10,4,1,4,7,4,2,0,2,10
15,3,3,3,7,1,1,8,0,5,9,3,2,4,5,8,5,0,1,4
8,2,3,5,8,3,1,9,0,3,11,1,2,5,6,3,9,0,3,5
16,4,8,3,6,1,5,5,1,5,8,4,1,4,8,5,3,0,1,12
34,7,51,23,34,22,14,90,2,5,27,19,1,6,68,55,14,0,8,28
19,11,7,7,9,3,6,25,2,8,9,8,3,7,15,10,6,3,5,7
13,1,5,2,8,3,0,9,0,2,12,2,4,3,6,3,5,0,0,1
40,4,47,21,33,20,3,113,9,10,26,14,1,11,63,94,63,3,6,24
12,7,3,5,8,2,2,7,1,4,7,1,1,5,7,6,10,0,1,11
18,1,3,6,8,6,1,4,0,5,9,1,1,5,8,7,12,0,0,7
20,1,4,5,8,5,1,5,0,6,9,1,1,4,7,4,9,0,0,5
18,2,4,3,8,4,3,9,0,2,13,3,1,3,3,3,13,0,1,5
30,0,3,6,11,5,2,19,1,3,6,1,1,3,22,12,18,0,2,9
37,11,9,22,9,4,13,19,6,13,25,12,2,9,10,22,18,0,3,22
14,1,2,5,9,5,1,15,1,4,6,3,1,3,10,13,13,0,2,10
17,1,5,4,8,4,4,6,0,5,11,1,1,3,8,4,8,0,1,7
20,5,5,7,9,5,1,8,2,10,13,4,6,4,10,12,12,1,2,8
23,10,3,11,9,6,1,11,0,11,20,2,1,6,11,13,18,0,2,9
16,1,4,4,8,4,3,5,0,5,11,1,2,3,9,3,9,0,0,5
14,3,0,6,9,4,2,6,0,6,9,2,2,2,7,10,12,0,1,6
21,1,1,8,8,1,1,6,1,1,10,4,1,2,6,8,4,0,1,7
16,3,1,7,9,6,1,7,0,7,8,2,1,2,7,9,6,0,2,6
8,1,3,4,9,1,2,11,0,5,9,2,1,1,8,9,7,0,0,8
12,1,3,4,8,5,0,8,0,5,5,4,2,2,8,9,5,0,1,10
19,4,4,7,8,3,1,8,0,4,8,1,2,3,7,3,6,0,2,7
10,3,2,4,8,2,0,8,0,2,10,2,2,3,8,8,11,0,1,9
11,4,5,6,8,2,3,8,1,0,9,3,2,5,6,4,6,0,3,9
12,4,5,6,8,2,3,8,1,0,9,3,2,5,6,4,5,0,3,9
7,2,4,5,8,4,2,9,0,2,15,2,2,1,7,4,5,0,3,7
10,3,4,6,8,6,1,7,1,5,8,6,2,2,7,5,1,0,1,10
22,0,14,16,21,11,0,35,0,5,17,9,0,3,25,24,13,0,2,16
13,2,3,6,8,1,3,9,0,2,12,2,2,2,8,8,5,0,1,8
19,4,8,3,6,2,4,6,1,5,11,4,1,4,7,2,5,0,1,10
13,1,5,6,7,2,5,9,2,6,10,3,1,1,8,10,7,0,4,5
14,1,0,6,8,3,3,9,0,6,12,2,2,2,4,17,9,0,1,7
14,2,2,6,8,7,3,7,0,5,8,0,1,3,7,4,10,0,3,9
15,1,0,5,8,3,3,11,0,7,11,2,2,2,4,15,9,0,1,6
10,1,5,5,7,3,4,11,2,5,11,3,1,2,7,8,10,0,4,6
11,11,6,7,9,5,3,8,3,5,11,2,4,5,6,11,6,0,0,8
11,3,1,8,8,3,3,5,1,7,11,2,2,3,7,4,12,0,0,8
9,0,0,6,8,1,2,7,0,4,14,4,1,1,5,13,7,0,1,5
17,1,3,8,8,4,2,7,1,5,13,3,1,3,7,5,6,0,2,6
15,4,2,3,7,5,3,6,1,6,8,2,2,3,9,9,5,0,2,12
9,2,4,5,8,3,0,14,0,7,7,3,1,5,8,11,7,0,2,6
9,3,4,7,7,0,1,8,0,8,5,4,1,8,7,9,4,0,1,6
9,2,4,6,8,3,0,15,0,7,7,3,1,5,8,9,7,0,2,7
9,2,4,5,8,3,0,13,0,7,7,3,1,6,7,12,7,0,2,6
9,2,4,10,7,2,1,9,1,5,6,7,2,8,6,10,4,0,1,11
13,2,5,6,8,3,0,12,1,7,6,3,1,5,9,13,4,0,2,6
11,5,2,8,8,0,1,9,0,6,7,3,1,6,8,11,2,0,3,7
9,2,4,9,8,1,2,9,0,9,4,5,1,9,7,8,6,0,2,6
10,2,4,5,8,3,0,18,0,8,8,3,1,4,8,8,7,0,2,5
9,4,5,7,7,0,1,6,0,3,4,4,1,7,8,6,5,0,1,8
10,2,5,6,8,2,2,11,0,5,8,3,1,8,8,5,5,0,3,5
14,3,4,5,8,5,2,8,0,3,10,2,1,2,7,6,6,0,2,10
6,3,5,5,8,3,1,5,1,8,6,1,1,5,11,10,4,0,0,9
8,3,5,4,8,2,5,3,0,3,8,2,2,3,5,3,4,0,1,4
8,7,5,9,8,2,3,2,1,7,9,1,1,5,9,3,6,0,2,5
9,2,6,6,8,4,4,3,1,5,6,1,2,5,6,6,5,0,3,2
17,2,2,5,8,4,2,7,1,5,11,2,2,2,8,9,8,0,0,7
9,2,4,9,8,7,5,5,1,6,17,4,3,4,7,16,7,0,0,9
6,2,6,6,8,2,3,4,1,9,10,1,3,5,8,9,9,0,0,6
10,1,6,4,8,7,5,4,2,11,9,2,1,5,5,11,8,0,1,8
16,2,2,1,8,7,2,5,2,4,10,0,1,2,6,11,7,0,0,8
10,4,6,4,8,1,3,6,0,2,4,11,1,5,7,7,6,0,2,8
12,2,11,8,8,9,8,7,4,9,19,3,4,5,10,19,11,0,2,9
10,1,3,5,8,6,2,7,0,4,10,3,5,3,5,7,6,0,0,7
9,1,3,5,8,6,2,7,0,4,10,3,5,3,5,7,7,0,0,7
12,2,11,8,8,9,8,7,4,10,20,3,4,4,11,18,11,0,2,9
15,2,3,4,8,5,3,14,0,3,12,4,8,3,10,23,7,0,3,6
13,2,7,6,8,2,0,13,1,2,12,4,2,3,5,6,3,0,2,7
12,0,2,4,8,3,3,5,0,5,10,7,1,4,9,10,7,0,3,6
14,5,3,3,8,2,2,10,0,5,18,1,2,1,8,11,9,0,1,9
12,4,2,6,8,4,4,8,0,4,10,0,1,2,7,7,8,0,2,9
14,4,3,5,8,6,1,10,1,4,10,0,1,2,8,8,8,0,1,10
13,3,2,6,8,6,2,8,0,6,8,1,1,4,8,5,9,0,2,9
15,2,0,4,8,5,6,4,0,4,10,2,1,2,3,8,13,0,1,6
13,3,2,7,8,5,3,7,1,5,10,1,1,2,7,6,8,0,2,7
56,7,18,34,9,11,13,41,3,24,19,5,4,9,71,108,78,0,7,43
14,2,4,1,8,5,6,11,0,4,9,4,1,5,6,9,4,0,2,5
56,3,24,32,9,12,16,52,2,29,23,6,4,10,84,124,103,0,7,51
13,3,3,6,8,6,3,7,0,5,10,1,1,2,7,6,8,0,2,7
7,3,2,7,8,3,3,8,0,6,7,5,3,3,5,10,4,0,0,7
12,1,1,7,8,4,3,5,1,7,11,1,2,4,7,8,8,0,0,8
22,1,2,5,8,4,0,5,0,5,9,2,1,4,5,10,5,0,1,5
9,1,7,3,8,4,6,3,1,7,5,5,2,4,4,8,8,0,0,3
10,1,0,7,8,4,1,6,0,1,11,4,1,2,6,9,10,0,2,4
10,0,1,6,8,6,1,6,0,4,4,1,1,3,9,14,6,0,2,9
9,2,3,3,7,2,3,5,0,5,3,1,0,0,4,4,4,0,1,5
13,0,3,1,8,4,2,9,2,3,10,3,0,2,8,6,6,0,0,6
11,0,4,3,8,4,1,10,1,3,8,3,2,2,9,3,7,0,0,7
10,0,3,1,8,4,1,10,1,1,8,3,2,2,9,5,8,0,0,10
9,0,3,1,8,4,1,10,1,1,8,3,2,2,9,5,8,0,0,10
10,0,3,1,9,4,1,12,1,1,8,3,2,2,9,4,8,0,0,9
13,0,3,2,8,3,1,8,2,2,10,3,0,2,7,6,5,0,0,6
10,0,4,1,8,3,2,10,1,2,9,3,2,2,9,4,8,0,0,8
10,0,3,3,8,5,1,11,1,2,9,3,2,2,9,4,6,0,0,7
12,1,3,3,8,4,1,10,1,3,8,3,2,2,8,4,7,0,0,7
13,0,3,1,8,3,2,9,3,3,10,3,0,2,8,6,6,0,0,6
12,0,3,1,8,4,2,9,2,3,10,3,0,2,8,6,6,0,0,6
8,0,3,3,8,5,2,11,2,0,8,3,1,1,8,2,6,0,0,10
12,0,4,4,8,4,0,7,0,3,9,3,1,2,6,6,5,0,1,4
10,1,4,2,8,4,1,11,1,3,8,3,2,2,9,4,7,0,0,7
12,0,4,3,8,4,1,9,1,3,8,3,2,2,9,3,7,0,0,7
12,0,2,2,8,4,2,11,2,2,10,3,0,2,9,3,6,0,0,8
11,0,2,2,8,4,2,11,2,2,10,3,0,1,9,3,6,0,0,7
10,1,3,3,8,5,1,5,0,4,8,3,1,1,8,4,5,0,1,6
9,0,3,1,8,4,1,12,1,1,8,3,2,2,9,4,8,0,0,9
9,2,5,1,8,3,0,13,2,4,9,1,1,2,7,1,6,0,0,6
10,0,3,1,8,4,1,12,1,1,8,3,2,2,9,4,8,0,0,9
12,0,3,4,8,4,1,9,1,3,8,3,2,2,8,4,7,0,0,7
10,1,3,1,8,4,1,10,1,1,8,3,2,2,9,5,8,0,0,10
11,1,4,2,8,4,1,10,1,3,8,3,2,2,9,4,7,0,0,7
10,0,3,3,8,4,1,11,1,4,8,3,2,2,9,4,7,0,0,6
9,1,3,3,8,3,0,10,2,2,9,1,1,1,7,4,4,0,1,7
11,0,3,3,8,4,1,10,1,3,8,3,2,2,8,4,7,0,0,7
10,1,3,3,8,3,0,10,2,2,9,1,1,1,7,4,5,0,1,7
10,0,3,1,8,3,1,12,1,1,9,3,2,2,9,4,8,0,0,9
6,0,1,1,7,4,1,7,1,1,7,3,0,1,7,2,6,0,0,7
6,1,1,1,7,4,1,5,1,2,6,3,0,1,5,6,6,0,0,5
10,0,2,5,8,5,1,9,2,2,11,3,2,2,8,4,6,0,0,6
12,1,3,2,8,3,1,8,0,4,7,2,1,2,6,6,5,0,0,5
5,0,1,1,5,4,1,5,1,2,5,3,0,1,5,4,5,0,0,4
10,1,3,3,8,4,1,11,1,4,8,3,2,2,9,4,7,0,0,6
18,3,3,3,8,5,3,8,0,2,10,1,1,4,7,8,6,0,2,8
12,2,4,4,8,3,0,13,2,5,7,2,1,4,10,9,10,0,2,9
11,3,3,7,8,7,2,8,0,5,8,0,1,3,8,8,6,0,2,9
12,3,1,7,8,7,2,9,0,6,8,0,1,4,9,6,6,0,2,9
10,4,1,3,5,4,2,3,0,3,7,1,1,3,5,7,7,0,0,4
14,1,3,8,8,4,4,8,1,5,14,3,2,3,7,5,6,0,2,4
17,0,4,2,8,3,1,8,1,3,9,2,2,5,7,5,6,0,0,5
10,2,3,20,8,2,4,29,0,5,15,7,1,2,24,20,7,0,7,7
7,3,5,6,8,3,5,7,1,8,8,2,3,2,5,2,6,0,2,8
14,0,14,2,8,5,0,24,1,1,10,3,1,4,18,8,10,0,4,11
18,3,1,5,9,3,3,6,0,3,10,3,1,5,11,6,6,1,2,7
17,3,1,6,8,6,3,6,0,6,8,0,1,3,9,8,6,0,2,7
18,6,14,8,8,5,0,62,6,4,14,1,1,2,40,50,92,0,8,9
9,5,4,3,9,4,6,8,1,4,11,1,1,3,15,4,5,3,4,6
7,2,2,6,5,2,0,7,1,0,7,1,2,2,3,3,8,0,3,5
13,3,5,4,8,5,1,8,1,6,7,0,1,4,9,8,7,0,2,9
14,1,4,2,8,3,7,9,1,5,20,5,1,3,11,4,13,0,2,8
14,3,5,5,8,5,3,7,0,3,8,0,1,3,8,8,8,0,3,8
4,4,2,7,8,2,6,8,1,4,2,3,2,4,6,4,4,0,3,4
17,4,2,6,8,4,2,9,0,4,8,0,1,5,14,10,9,0,5,10
14,2,3,4,8,4,4,13,0,4,10,4,10,3,10,22,7,0,3,6
12,0,1,5,8,2,4,4,0,3,13,7,1,4,9,10,8,0,3,5
12,2,4,7,8,3,0,8,2,6,10,4,2,1,5,12,4,0,1,5
17,1,4,4,8,5,2,5,0,4,8,3,1,3,5,6,9,0,1,9
17,1,4,4,8,5,2,5,0,4,8,2,1,3,5,6,10,0,1,9
11,3,6,4,8,6,1,12,1,4,8,0,1,3,9,8,4,0,2,10
11,3,1,6,8,5,0,17,0,3,12,2,2,3,9,5,10,0,2,8
16,4,1,7,8,4,1,8,1,6,9,1,2,4,16,8,9,0,6,7
15,3,2,6,7,2,4,2,0,3,10,3,2,3,8,6,4,0,1,6
50,14,22,30,16,15,7,31,14,17,35,16,3,14,27,47,48,2,28,27
27,2,28,17,14,8,10,57,11,1,10,7,1,4,13,12,11,5,11,11
15,3,3,4,8,7,4,9,1,3,8,2,1,4,4,5,5,0,3,7
16,3,2,3,8,5,4,8,2,3,9,2,3,6,6,6,8,0,1,5
20,2,10,2,8,6,4,33,1,3,8,3,3,3,7,19,2,0,3,6
17,1,4,3,8,6,1,5,0,8,8,1,3,3,7,8,8,0,0,4
16,3,1,8,8,6,1,6,0,6,8,0,1,3,9,5,9,0,2,7
12,2,3,5,9,5,0,15,1,4,9,2,1,3,7,11,10,0,2,7
19,1,3,2,8,7,4,4,0,5,10,1,2,3,10,9,8,0,1,6
11,3,1,7,8,6,1,9,0,4,9,3,1,5,6,7,6,0,3,8
16,7,5,4,5,6,2,8,0,6,8,3,2,6,6,4,13,1,2,7
25,2,5,10,8,9,21,13,10,7,14,29,1,2,32,39,60,0,15,6
9,1,0,7,7,1,2,4,0,3,10,0,0,1,3,2,5,0,0,2
14,5,2,4,4,3,2,5,2,3,7,3,2,6,8,5,14,0,2,5
10,3,2,7,8,6,1,8,0,5,9,3,1,5,6,6,7,0,3,8
7,2,4,8,9,2,2,12,0,1,5,2,2,6,11,11,12,0,6,5
7,3,4,4,8,4,4,4,0,0,7,1,2,3,8,8,11,0,3,7
15,6,7,7,8,3,6,11,1,4,6,5,4,3,11,9,8,1,4,5
7,8,5,4,9,5,6,8,0,4,4,2,3,6,9,8,7,0,5,4
18,3,3,5,8,4,4,7,0,4,7,1,1,3,6,6,8,0,2,8
29,2,4,9,8,9,18,10,7,7,12,29,4,1,37,52,48,0,20,18
20,3,8,11,8,15,20,20,13,8,13,29,1,2,31,34,41,0,13,15
12,4,3,7,8,5,0,9,1,3,9,2,1,4,7,8,5,0,3,9
18,3,2,5,8,6,2,8,0,5,6,1,1,4,6,3,11,0,2,8
50,14,22,30,16,15,6,32,15,17,34,16,3,14,28,47,48,2,27,27
18,3,1,6,8,2,4,5,0,3,12,1,1,2,8,6,4,0,1,5
17,3,2,3,8,5,4,8,2,3,9,2,3,6,6,6,7,0,1,5
19,2,10,2,8,6,4,31,1,3,8,3,2,3,7,19,2,0,3,6
10,2,4,3,8,2,0,9,1,6,11,3,2,1,6,9,6,1,0,3
29,1,77,9,26,11,2,85,3,1,19,14,1,5,55,28,12,0,4,24
12,0,4,2,8,4,1,11,1,3,8,4,3,4,9,4,7,0,0,8
12,5,4,8,8,3,1,30,2,2,9,5,2,4,6,3,5,1,2,7
15,2,51,22,8,1,8,83,14,4,16,15,5,6,12,26,5,1,10,4
13,3,3,7,8,1,1,10,1,3,11,2,1,3,3,3,4,0,0,7
13,3,3,2,8,8,3,21,1,3,10,2,2,4,10,9,3,0,1,9
18,4,23,13,10,10,2,55,2,8,27,2,2,5,69,49,37,0,8,8
12,3,3,5,8,7,0,11,1,1,9,2,2,3,7,5,2,0,2,6
8,1,3,8,8,1,5,6,1,5,6,1,3,5,6,4,5,0,1,6
9,4,18,11,8,4,3,29,7,6,9,3,1,6,11,14,5,1,4,10
9,5,11,5,7,1,0,36,2,4,14,4,1,2,5,14,7,0,4,7
9,2,4,9,8,0,4,7,0,8,9,1,1,3,5,3,6,0,1,3
16,5,7,7,8,2,0,38,1,1,12,5,1,4,16,25,5,0,10,11
11,4,18,12,8,5,4,37,1,7,11,4,1,4,12,11,6,1,4,9
10,3,20,5,8,1,0,67,2,2,12,3,1,3,8,8,6,2,2,10
16,2,3,2,8,2,1,7,1,6,11,3,2,4,7,6,6,0,1,4
12,4,26,5,6,18,4,67,2,7,29,2,1,3,74,49,63,0,9,12
16,1,1,2,8,1,2,8,2,3,10,4,3,4,9,13,3,0,1,7
24,0,22,4,8,5,0,42,1,2,14,5,4,3,40,15,7,0,6,2
11,4,5,6,8,3,13,11,4,3,27,26,2,6,22,7,7,0,3,10
15,2,2,3,8,5,2,16,3,2,7,1,1,4,8,6,2,1,3,12
51,7,19,24,39,14,38,58,3,23,39,31,10,22,46,57,62,1,15,20
17,2,4,4,8,4,3,8,2,4,8,2,1,4,9,8,10,0,1,4
16,2,1,5,7,4,2,5,3,2,14,3,1,2,7,5,7,0,1,3
19,3,7,8,8,7,3,19,2,2,11,5,2,5,7,4,10,0,1,7
16,5,8,5,10,4,6,10,1,4,9,10,6,6,9,11,4,0,2,9
16,3,3,4,6,9,2,5,0,5,8,2,1,5,7,6,6,0,1,10
14,2,7,2,8,13,2,58,0,1,9,4,10,6,10,32,7,0,3,7
13,1,5,6,8,12,1,10,0,5,11,0,1,2,7,6,6,0,2,6
16,2,29,1,8,6,7,52,0,5,12,2,3,3,4,9,7,0,3,7
21,2,9,2,8,15,5,63,1,4,12,2,2,3,19,22,8,0,5,6
52,18,23,20,19,16,7,30,3,13,34,17,3,12,38,60,90,2,16,23
15,3,3,4,8,7,4,9,1,3,8,2,1,4,4,4,6,0,3,7
19,2,7,2,8,6,4,25,1,3,8,3,2,3,7,14,3,0,3,6
16,1,10,36,8,9,10,31,2,2,15,4,1,2,37,24,10,0,12,14
16,2,4,4,8,8,1,9,0,2,9,3,1,5,7,3,4,0,1,9
14,3,3,6,9,1,1,6,0,4,11,4,1,5,11,7,6,0,1,10
16,1,5,5,8,5,3,8,0,5,14,1,2,1,6,4,6,0,3,8
16,0,2,4,8,4,0,5,1,2,9,4,1,6,5,4,7,0,0,8
13,2,4,2,8,5,5,11,0,3,10,4,1,5,6,8,5,0,3,5
53,6,18,30,9,14,14,44,3,23,19,4,3,7,71,111,79,0,7,51
53,6,18,30,9,14,14,44,3,23,19,4,3,7,71,110,79,0,7,51
12,2,4,1,8,5,6,11,0,3,9,4,1,6,6,9,5,0,2,6
50,4,19,31,9,13,13,45,2,21,22,6,4,8,69,104,79,0,8,45
13,2,4,1,8,5,5,10,0,3,10,4,1,5,6,10,5,0,3,5
56,6,18,30,9,14,16,42,4,24,19,4,3,8,68,112,79,0,7,47
45,5,51,16,33,16,3,96,5,12,26,12,2,7,88,48,43,0,4,25
10,4,3,5,8,5,3,16,0,7,11,3,1,2,8,4,6,0,1,8
16,4,6,3,6,2,5,5,1,4,11,4,1,4,8,2,3,0,2,12
15,2,2,6,8,6,2,12,0,6,9,3,1,5,6,3,5,0,0,6
26,0,3,1,8,8,3,27,1,2,9,2,3,4,10,12,6,0,2,4
18,8,16,4,4,5,4,18,0,7,7,0,3,8,8,13,11,0,2,8
16,3,10,2,8,10,2,13,0,5,9,1,4,8,13,15,14,1,1,6
12,1,5,7,8,9,1,11,2,4,9,1,1,3,7,8,8,1,1,7
9,3,1,8,8,3,0,4,0,5,8,3,1,1,6,5,5,0,0,5
9,3,1,8,8,3,1,6,0,5,9,3,2,4,7,10,7,0,0,10
9,4,2,9,8,0,0,5,0,9,7,7,2,3,9,8,7,0,1,5
10,2,2,8,9,2,1,5,1,8,9,2,3,3,6,8,9,0,0,9
17,0,72,5,8,3,0,89,4,1,11,5,2,4,9,5,11,0,3,9
18,2,0,4,8,3,1,8,1,4,9,1,3,2,6,8,7,0,1,9
14,1,6,4,8,4,0,8,0,1,8,5,2,4,5,8,7,0,1,8
13,1,4,1,8,3,4,10,1,3,8,2,1,3,6,3,5,0,1,10
13,2,3,3,8,6,2,11,0,5,6,3,1,4,7,3,10,0,1,10
9,1,6,2,8,3,2,11,1,1,13,3,2,2,5,8,6,0,0,6
14,4,3,6,9,3,1,8,0,3,10,5,1,5,12,5,4,0,1,12
12,2,25,11,9,6,3,50,1,2,15,6,1,2,25,16,10,0,7,4
11,3,5,4,8,5,3,9,0,3,12,2,1,3,6,6,7,0,1,11
17,3,6,22,8,2,5,29,2,4,16,7,1,4,24,20,10,0,7,11
17,0,10,11,9,5,2,21,0,15,14,5,1,3,29,6,5,0,2,21
9,0,3,4,8,4,4,9,0,5,8,2,1,5,7,6,3,0,0,8
17,2,5,3,8,5,3,9,0,1,13,1,1,4,6,4,5,0,1,9
8,3,4,4,4,1,2,5,4,2,7,2,1,2,4,3,3,1,2,3
12,0,3,1,8,5,1,11,2,2,9,3,3,4,9,3,9,0,0,8
14,2,15,6,6,4,3,19,3,5,20,4,2,7,14,12,9,1,2,12
14,1,4,7,8,2,3,9,1,6,15,3,1,2,7,5,6,0,2,4
18,3,0,5,9,3,2,5,0,2,11,4,1,5,12,6,4,1,1,10
62,4,22,40,9,12,17,49,1,24,23,6,5,9,86,124,97,0,8,57
14,3,4,3,8,5,5,11,0,3,9,3,1,6,6,8,4,0,2,5
15,3,3,4,8,7,4,6,0,6,13,0,2,2,7,4,9,0,1,3
13,1,12,5,10,4,3,18,2,4,10,3,1,3,21,12,2,0,4,9
10,1,5,4,8,1,2,9,2,2,10,5,2,3,9,5,3,0,1,9
12,3,5,5,8,5,2,9,0,4,9,2,2,2,7,8,5,0,2,8
10,3,4,22,8,2,4,24,1,5,15,6,2,2,27,14,8,0,7,6
6,0,3,1,8,4,1,10,1,1,7,3,1,1,8,3,8,0,0,9
11,1,7,4,8,4,0,8,1,3,6,2,0,1,5,5,6,0,1,8
14,1,4,9,8,2,6,6,5,6,14,6,1,3,5,9,3,2,3,4
18,3,6,3,9,5,1,4,0,2,11,2,1,4,11,3,5,0,2,10
14,1,4,7,8,4,4,7,1,6,13,4,1,3,7,5,6,0,2,5
17,3,2,6,8,4,1,5,0,2,8,2,1,4,9,6,7,0,0,9
13,4,1,7,8,6,1,8,0,5,9,1,1,3,7,7,7,0,2,6
42,5,42,30,33,19,8,99,25,14,30,22,3,8,112,101,86,0,9,46
16,4,4,5,6,4,4,7,0,7,9,5,2,4,7,1,6,0,2,7
12,2,3,5,8,6,2,13,0,4,6,3,1,4,8,1,9,0,1,11
17,2,3,3,8,5,3,9,0,1,12,2,1,4,8,4,6,0,1,8
14,2,4,1,8,5,2,9,1,2,7,1,1,3,5,4,5,0,1,12
15,3,5,4,9,4,1,9,0,3,10,5,1,5,11,6,3,0,1,11
14,2,5,4,8,6,3,9,0,5,13,2,1,4,6,5,6,0,1,6
47,34,27,32,11,24,43,30,17,25,62,40,7,16,30,45,35,13,24,30
13,2,24,10,9,5,4,48,2,2,15,6,1,2,24,16,10,0,6,4
10,0,3,4,8,4,4,8,0,5,8,2,1,5,7,6,3,0,0,8
11,1,1,9,8,3,1,8,0,4,7,3,1,2,6,3,5,0,1,9
13,2,2,6,8,8,3,6,0,4,9,0,1,2,7,5,7,0,3,13
14,2,0,8,8,5,1,14,0,3,10,5,2,2,5,12,9,0,2,6
12,3,5,7,8,3,7,13,3,6,12,8,4,6,9,6,6,1,6,11
18,2,3,4,8,5,3,5,0,4,12,1,1,2,8,4,8,0,2,7
15,2,3,4,8,4,2,19,2,1,9,5,1,6,6,2,3,0,0,9
11,0,20,5,10,5,2,28,3,6,10,4,2,4,33,9,4,0,3,4
15,5,10,7,10,6,0,9,5,9,12,8,4,7,11,16,10,0,1,17
17,8,3,8,9,2,1,9,2,2,4,6,4,7,12,6,9,2,2,11
16,1,28,0,8,6,7,56,0,5,12,2,3,3,4,10,7,0,3,7
24,5,22,25,8,8,6,39,0,11,11,1,2,4,8,9,11,0,4,10
20,2,8,3,8,15,8,65,3,5,14,3,2,3,21,22,10,1,5,10
16,1,1,9,8,2,3,4,0,3,12,4,1,2,6,9,5,0,0,5
15,4,2,6,8,4,2,8,1,6,11,3,1,5,4,7,14,0,3,8
9,1,1,8,8,3,1,7,0,9,9,1,3,4,8,8,10,0,0,5
9,1,3,2,4,3,2,10,0,1,9,2,2,3,8,6,10,0,0,4
15,2,1,4,8,4,0,14,0,1,9,2,2,4,8,9,11,0,1,8
10,0,2,3,4,1,0,9,0,1,6,2,2,2,5,9,9,0,2,5
7,1,1,7,8,3,3,6,0,10,9,1,3,3,8,8,11,0,1,5
9,1,2,7,8,3,2,6,0,8,9,1,3,4,8,8,10,0,0,6
34,7,34,23,25,13,8,92,20,12,21,14,4,7,88,79,72,0,6,34
15,3,5,4,6,3,4,7,1,5,9,6,2,4,6,4,4,0,2,11
12,5,3,5,8,5,1,8,1,3,10,4,3,5,8,7,4,0,2,11
14,1,3,4,8,6,5,5,0,4,12,1,1,3,10,5,12,0,0,5
12,5,1,4,8,4,7,11,3,5,12,0,2,2,5,7,12,0,0,7
11,3,1,7,8,4,5,6,0,4,10,1,1,2,7,8,8,0,2,10
34,21,25,32,17,21,17,60,7,11,27,30,5,12,57,25,31,8,14,22
7,0,0,7,8,3,3,6,0,2,9,0,0,1,4,11,8,0,1,7
19,2,8,6,8,3,2,17,2,6,12,4,2,3,20,8,6,0,4,10
19,1,7,3,8,4,3,7,0,2,11,2,1,4,8,3,3,0,1,10
13,2,6,6,9,5,0,9,0,4,9,4,1,6,11,5,6,0,1,9
8,2,5,2,8,1,3,11,1,5,12,2,3,1,5,10,5,0,1,4
14,1,4,3,8,3,6,9,0,6,14,2,1,1,9,6,8,0,1,5
8,2,12,11,9,2,2,24,4,4,5,4,1,1,32,22,8,0,4,5
13,1,2,3,8,2,3,9,1,6,9,2,1,4,8,3,6,0,1,6
6,3,5,7,8,5,4,6,0,2,11,5,3,6,6,3,5,0,0,7
10,3,4,22,7,2,4,24,1,5,15,6,2,3,29,14,8,0,7,6
16,4,2,5,9,4,0,7,0,3,9,3,1,4,11,9,3,1,1,10
12,3,1,5,8,7,2,7,0,4,8,1,1,3,9,7,5,0,0,7
16,2,3,6,8,5,5,7,0,7,13,2,1,3,6,3,5,0,2,4
7,2,4,4,8,7,3,6,0,2,8,0,0,3,8,4,2,0,1,4
14,2,3,4,8,7,2,10,0,2,11,3,1,5,8,7,3,0,1,9
15,0,1,2,8,4,3,6,1,1,9,2,1,5,7,5,6,0,0,10
15,0,7,31,8,7,11,30,1,3,15,4,1,1,34,26,19,0,14,11
13,3,1,6,8,8,0,7,0,6,9,2,2,3,7,3,9,0,0,6
13,3,2,7,9,2,1,6,1,6,10,3,1,5,12,9,4,0,1,8
15,2,4,5,8,5,3,9,0,6,13,3,1,2,6,4,6,0,1,9
19,2,2,4,8,7,1,9,0,3,11,3,1,4,9,4,3,0,1,4
12,0,2,3,8,6,0,6,1,1,8,4,1,6,7,4,6,0,0,11
36,20,14,21,13,13,11,33,2,15,43,18,8,13,20,34,25,6,9,28
19,3,2,1,8,7,6,10,1,2,8,6,2,3,5,7,9,0,0,8
14,3,2,6,9,5,1,5,0,3,9,3,1,3,7,7,8,0,0,11
16,1,13,4,8,4,0,16,2,3,11,3,1,3,13,6,11,0,4,10
10,2,4,23,4,1,4,18,0,5,9,6,1,3,29,15,6,0,7,6
13,2,3,5,8,5,3,7,0,2,12,0,1,2,5,7,5,0,1,6
9,2,2,6,8,2,3,6,1,9,10,1,2,5,8,10,4,0,0,7
22,1,3,7,8,7,2,6,0,4,8,1,2,4,8,3,10,0,0,8
9,0,3,7,8,6,0,11,0,2,12,5,1,3,8,12,6,0,1,5
19,1,5,5,8,5,1,6,0,5,10,1,1,4,7,4,8,0,0,5
25,1,2,6,11,6,2,29,0,4,8,4,2,2,15,11,17,0,3,10
15,1,3,3,8,5,1,8,1,6,10,0,1,3,3,3,13,0,0,5
8,1,1,4,8,4,3,7,1,5,6,2,1,3,6,14,5,0,2,10
8,1,2,7,8,3,2,4,0,4,7,4,3,4,7,10,8,0,1,5
11,1,5,4,9,1,4,2,0,5,5,5,2,4,6,12,8,1,0,6
9,1,5,3,8,2,4,2,0,4,9,4,1,2,8,10,9,0,0,7
11,1,1,9,8,5,1,7,0,7,6,3,1,3,7,13,5,0,2,3
10,2,3,2,8,4,6,2,0,5,10,4,1,2,5,10,9,0,0,5
28,2,4,11,11,5,4,18,0,4,5,2,2,3,18,11,11,0,2,9
19,1,6,6,8,5,3,4,0,4,9,1,1,4,7,5,10,0,0,7
14,3,3,4,7,4,3,5,0,4,9,1,1,3,7,7,7,0,2,7
14,2,4,1,8,5,6,11,0,3,9,4,1,6,6,9,4,0,2,5
54,3,22,31,9,12,15,48,2,26,22,6,4,9,77,114,91,0,8,47
17,0,60,5,8,3,0,76,3,2,11,5,2,4,9,5,11,0,3,8
14,1,4,4,8,4,0,8,0,1,8,7,2,4,5,8,7,0,1,8
18,2,1,4,8,3,1,8,0,3,9,1,3,2,6,8,7,0,1,10
58,21,19,27,15,19,34,54,9,29,45,33,17,24,28,46,35,8,12,43
54,5,24,30,9,13,16,43,4,46,28,6,4,12,91,133,124,0,7,55
50,3,22,28,9,12,16,39,5,43,26,8,4,11,85,117,114,0,8,51
13,3,4,4,8,5,2,9,0,3,11,2,1,2,8,7,7,0,2,8
10,3,4,9,7,3,0,28,2,3,10,4,2,3,6,10,9,1,2,7
55,28,18,16,20,16,22,29,16,23,68,34,12,20,42,70,45,5,13,23
10,3,2,6,8,3,1,26,1,2,9,4,3,4,7,8,4,0,2,9
9,2,3,7,8,1,5,7,0,7,10,4,1,3,8,9,5,0,1,4
11,4,1,5,8,4,2,5,1,6,14,1,1,3,8,7,8,0,1,7
13,2,4,7,8,5,0,5,0,4,13,2,4,3,8,7,5,0,0,6
14,3,3,3,8,9,2,4,0,8,6,2,2,2,7,5,15,0,1,4
10,2,3,10,8,3,1,5,0,6,8,2,4,4,6,12,6,0,1,7
13,3,4,5,8,5,1,10,0,3,11,2,1,2,8,6,6,0,2,9
17,4,2,5,9,4,1,6,2,1,9,6,3,6,10,3,5,0,2,9
15,0,3,3,8,5,1,7,0,3,8,2,3,3,6,6,6,0,1,8
13,4,0,5,9,3,2,10,2,5,12,4,1,4,8,4,5,0,0,7
13,2,1,4,8,4,3,11,1,7,12,4,2,2,8,5,4,0,2,4
18,3,7,5,8,6,1,18,1,5,9,3,1,4,21,8,7,0,2,11
17,2,4,4,8,5,1,7,0,3,13,3,1,3,9,4,7,0,1,8
12,0,11,16,9,5,3,38,11,5,11,7,1,3,21,9,3,0,6,7
14,3,5,5,8,5,1,8,0,3,10,2,1,2,7,3,9,0,2,10
14,3,3,6,8,5,2,9,0,3,10,2,1,2,6,4,7,0,2,10
19,1,6,6,10,6,4,21,1,4,9,8,2,3,6,6,4,0,1,8
7,7,8,26,8,5,12,17,15,11,8,18,1,7,12,30,35,0,6,16
6,5,8,31,8,5,17,17,22,12,9,22,1,6,11,25,33,0,5,13
11,2,2,7,8,2,1,5,0,7,12,1,3,5,7,10,9,0,0,5
10,2,2,8,8,2,1,6,0,7,13,1,3,4,8,9,9,0,0,4
11,1,1,4,8,6,2,7,0,7,7,3,1,4,8,8,11,0,2,8
8,2,3,9,8,2,0,6,0,10,10,2,2,1,9,7,9,0,0,6
12,4,3,6,8,5,2,7,0,5,10,1,1,2,7,7,9,0,2,7
10,3,4,6,9,5,2,7,0,4,10,2,1,2,8,8,5,0,2,8
17,1,6,2,8,5,1,5,0,5,9,1,1,4,7,5,11,0,0,6
13,3,3,6,8,6,4,7,0,3,10,0,1,4,7,5,7,0,2,9
19,2,1,4,8,3,1,7,0,3,10,2,2,2,6,11,5,0,0,9
16,0,66,4,8,3,1,80,5,1,12,6,3,3,9,6,12,0,3,8
13,1,5,4,8,2,0,7,1,3,10,5,2,3,5,10,8,0,1,6
11,7,4,2,8,3,5,8,2,6,12,2,4,2,5,8,8,0,0,2
18,4,3,6,8,4,2,6,1,6,9,2,2,2,6,5,8,0,2,5
53,5,18,31,9,14,15,43,3,25,21,4,4,9,72,107,78,0,7,48
53,6,18,30,9,14,14,44,3,23,19,4,3,7,72,110,79,0,7,51
7,2,2,4,5,4,2,5,0,3,8,1,1,1,3,4,7,0,2,5
54,22,21,23,17,22,38,54,8,31,47,33,17,25,29,47,35,8,13,42
54,3,22,32,9,12,15,47,2,27,22,6,4,9,78,114,91,0,7,46
52,6,18,30,9,14,14,43,3,23,18,4,4,7,72,110,80,0,7,52
19,4,2,9,8,8,2,7,0,6,11,1,2,4,9,5,13,0,2,9
16,2,3,5,8,8,3,5,0,5,8,0,1,3,7,5,8,0,3,9
13,2,2,7,8,7,3,6,0,4,10,0,1,2,7,6,9,0,3,9
12,1,0,4,8,3,3,22,0,5,11,3,3,1,5,31,9,0,2,7
11,1,0,6,8,3,2,8,0,6,11,2,3,1,7,17,6,0,2,8
13,2,2,4,7,6,2,4,0,4,7,0,1,3,7,4,10,0,2,8
13,1,2,4,8,2,5,19,0,4,10,2,3,1,5,20,11,0,3,9
11,3,4,6,9,5,2,7,0,4,10,2,1,2,8,8,5,0,2,7
15,3,0,9,8,4,1,5,0,4,10,0,1,1,7,5,6,0,0,4
21,4,2,6,8,4,2,9,0,4,8,0,1,5,14,10,6,0,5,9
17,4,6,4,8,5,1,8,0,5,8,0,1,5,10,8,6,0,3,4
14,3,1,7,8,7,2,6,0,5,8,0,1,3,9,7,7,0,2,10
11,3,1,7,8,4,0,12,1,1,12,1,2,3,8,6,12,0,2,10
19,4,12,8,8,5,0,54,3,4,12,2,1,2,35,41,75,0,7,11
11,3,4,4,8,5,2,9,1,5,10,0,1,4,9,7,8,0,2,8
13,3,4,5,8,6,4,6,0,3,9,0,1,4,8,5,7,0,2,10
17,0,49,5,8,3,0,63,3,2,11,5,2,4,9,5,11,0,3,8
18,2,1,4,8,3,1,8,0,4,9,1,3,2,6,8,7,0,1,9
14,3,2,5,8,6,3,8,0,6,7,2,1,4,9,6,7,0,2,9
18,5,4,9,5,5,2,15,1,5,16,5,3,7,18,13,10,2,2,8
15,2,3,5,8,6,0,19,2,6,11,4,3,2,13,8,7,0,2,2
54,6,18,30,9,14,14,43,3,23,19,4,3,7,72,110,79,0,7,51
32,0,5,6,12,6,2,19,3,7,11,5,2,3,26,16,20,0,2,10
19,2,4,3,8,4,3,9,0,3,12,3,1,3,3,3,12,0,1,5
30,0,5,6,12,6,2,19,3,7,11,5,2,3,22,16,20,0,2,10
21,1,4,6,8,5,2,4,0,6,9,1,1,4,7,4,11,0,0,5
31,1,5,6,12,6,2,19,2,7,11,5,2,3,24,16,20,0,2,10
18,2,2,4,8,4,5,9,0,3,12,2,1,3,4,3,12,0,1,5
21,1,5,5,8,5,1,5,0,6,9,1,1,4,7,3,8,0,0,5
18,2,2,4,8,4,4,9,0,5,10,4,1,3,4,4,11,0,1,4
16,4,4,8,8,4,1,7,0,4,7,2,2,3,8,5,6,0,3,8
21,15,4,8,8,9,5,10,5,9,11,7,3,7,14,19,13,1,2,9
17,5,3,7,8,5,2,9,0,2,7,1,2,4,8,4,8,0,2,8
18,4,0,8,8,4,1,8,1,3,5,1,2,4,6,4,8,0,3,10
18,4,1,8,8,4,1,7,0,3,6,1,2,4,6,6,7,0,3,8
18,4,0,7,8,4,1,11,1,3,7,0,2,4,9,8,5,0,4,9
19,4,1,8,8,4,1,7,0,3,6,1,2,4,8,5,6,0,3,9
16,5,0,8,8,5,2,10,0,3,11,1,2,4,6,5,6,0,2,7
10,1,2,4,8,5,2,7,0,5,6,2,2,2,7,6,4,0,1,11
19,1,1,6,8,0,5,7,1,1,11,4,1,2,6,9,6,0,1,6
30,1,75,9,26,11,3,84,3,1,19,13,1,5,54,28,11,0,4,24
10,1,6,2,8,3,1,9,2,1,10,2,2,4,5,2,11,0,1,8
3,4,1,1,3,1,1,1,1,0,1,0,2,2,4,9,0,0,0,1
10,4,3,10,9,2,3,7,1,3,12,4,2,5,8,8,21,0,3,10
10,3,3,6,8,6,3,7,0,5,9,0,2,3,7,8,7,0,2,9
10,6,2,7,5,4,5,11,5,5,16,4,2,5,6,9,8,0,6,14
10,3,4,5,8,6,3,7,0,5,9,0,2,3,7,8,7,0,2,9
10,4,3,10,9,2,3,7,1,4,11,4,2,6,8,8,21,0,3,9
9,2,3,9,8,3,2,5,0,8,8,1,4,4,6,13,5,0,2,6
11,6,4,5,9,10,4,5,1,10,7,4,3,5,7,8,17,0,2,4
16,2,5,7,9,7,2,6,2,11,13,2,2,6,9,10,10,0,2,4
16,2,3,5,8,6,2,7,0,8,9,0,1,2,6,7,10,0,1,3
17,3,0,9,8,0,1,7,1,3,11,2,3,2,4,13,9,0,1,7
18,3,0,8,8,0,2,7,1,3,12,1,3,2,5,13,8,0,1,7
17,3,0,9,8,0,1,7,1,3,11,2,2,2,4,13,9,0,1,8
18,9,5,9,8,9,5,11,0,7,12,1,2,3,8,11,11,0,2,3
18,3,1,8,8,0,1,7,1,3,11,2,3,2,4,13,8,0,1,7
16,2,4,4,8,6,2,7,0,8,10,0,1,2,6,7,9,0,1,3
18,3,0,9,8,0,1,7,1,3,11,2,3,2,4,12,9,0,1,7
16,2,5,6,9,7,2,7,2,11,13,2,2,6,9,10,10,0,2,4
16,3,0,9,8,0,2,7,1,3,11,1,3,2,4,13,10,0,1,7
17,3,0,9,8,0,1,7,1,3,11,2,3,2,4,13,9,0,1,7
44,29,16,37,13,16,21,44,15,20,46,17,6,22,25,47,36,6,16,42
16,2,5,6,9,8,2,7,2,11,13,2,2,6,8,10,10,0,2,4
16,3,0,9,8,0,0,6,1,3,11,3,3,2,4,14,10,0,1,7
15,2,3,5,8,6,2,7,0,8,10,0,1,2,6,7,10,0,1,3
17,3,0,9,8,0,1,7,1,3,11,2,3,2,4,12,10,0,1,7
18,5,0,10,9,2,2,11,5,7,12,4,2,4,7,19,9,0,1,7
16,3,0,9,8,0,1,7,1,3,11,2,3,2,4,13,9,0,1,8
16,3,0,9,8,0,1,7,1,3,11,2,3,2,4,12,11,0,1,7
16,2,3,5,8,6,2,7,0,9,10,0,1,2,6,7,9,0,1,2
18,3,0,9,8,0,1,7,1,3,11,2,3,2,4,12,9,0,1,7
19,8,5,8,8,9,4,11,0,6,11,1,2,3,9,11,11,0,2,4
17,3,0,8,8,0,2,7,1,3,11,2,3,2,4,13,9,0,1,7
18,9,5,9,8,9,5,10,0,7,12,1,2,3,8,12,10,0,2,4
17,3,0,9,8,0,1,7,1,3,11,2,3,3,4,12,9,0,1,7
16,2,3,5,8,6,2,7,0,8,10,0,1,2,5,7,10,0,1,3
16,3,0,9,8,0,1,7,1,3,11,2,3,2,4,13,10,0,1,7
16,10,3,7,8,9,3,4,3,8,11,0,2,2,6,7,9,0,3,5
16,2,2,6,9,2,5,8,1,5,10,5,1,3,9,11,7,0,0,15
1,4,2,0,4,4,1,3,0,3,3,7,1,3,2,4,1,3,5,3
17,2,1,12,10,1,2,6,1,4,14,5,2,3,12,9,9,0,0,14
14,3,1,6,8,6,3,7,0,6,10,0,2,3,8,9,3,0,2,8
31,1,5,7,12,6,2,19,2,7,10,6,2,4,23,17,21,0,2,11
11,1,2,1,4,2,2,6,0,2,10,2,4,3,3,7,6,0,1,2
91,52,21,62,29,51,64,48,23,40,87,53,20,38,48,76,49,13,25,46
16,3,2,7,9,6,1,7,0,7,8,2,1,2,7,8,6,0,2,6
19,3,0,9,8,0,1,7,1,3,11,2,3,2,4,12,8,0,1,7
18,3,1,8,8,0,1,7,1,3,11,2,3,2,4,12,9,0,1,6
20,4,1,11,9,3,1,11,5,6,13,4,2,4,6,17,9,0,1,7
14,3,2,5,8,6,3,7,0,6,9,0,1,3,8,9,4,0,2,9
10,2,2,9,8,3,3,5,0,9,7,1,4,6,7,9,6,0,1,6
14,3,3,3,8,9,2,4,0,8,5,2,2,4,7,5,15,0,1,3
7,8,0,1,4,3,1,1,0,0,5,1,2,1,5,7,7,0,0,3
14,3,5,2,9,2,5,6,1,6,9,6,1,4,8,7,6,1,4,6
12,3,3,5,8,4,2,9,0,3,11,1,2,3,12,6,12,0,2,7
16,2,2,5,8,5,3,37,5,6,11,4,1,3,24,37,49,0,7,9
18,4,1,4,8,4,4,10,0,3,8,1,1,5,15,9,9,0,6,11
12,3,4,4,8,5,1,8,1,5,7,0,1,5,9,7,7,0,2,10
12,2,3,9,8,3,1,5,0,8,6,1,4,4,6,12,4,0,2,8
13,2,1,7,8,3,2,5,0,7,8,1,4,4,6,14,5,0,1,7
13,5,2,4,9,8,4,5,1,10,5,4,2,4,8,7,16,0,1,4
12,2,3,3,8,8,2,5,1,8,6,2,3,2,7,6,15,0,1,3
11,2,3,9,8,3,2,5,0,9,8,1,3,4,6,12,4,0,2,6
13,5,2,3,8,8,4,5,0,9,4,2,2,3,8,6,15,0,1,2
9,2,4,9,8,3,1,5,0,8,8,1,4,5,6,13,5,0,2,5
10,2,1,8,8,2,2,5,0,7,7,2,4,5,6,13,5,0,1,10
13,2,3,3,8,8,2,5,1,8,7,2,3,2,7,5,15,0,1,2
13,5,2,3,8,8,4,5,0,8,6,3,2,2,7,6,16,0,1,3
12,1,3,10,8,3,2,5,0,10,4,2,4,4,6,10,5,0,2,7
13,3,2,3,8,9,3,5,0,8,5,2,2,3,7,5,15,0,1,4
11,2,1,9,8,2,1,6,0,4,7,2,3,3,6,10,6,0,1,5
11,3,3,3,8,8,3,5,1,10,5,2,2,2,7,6,15,0,1,2
10,2,4,5,8,5,1,8,1,4,11,1,2,3,8,14,6,0,2,5
7,0,2,3,8,5,0,6,1,1,6,4,0,3,7,3,5,0,0,10
11,1,1,9,7,5,1,7,0,7,6,3,1,3,7,13,5,0,2,3
13,3,5,4,8,4,3,9,0,4,14,1,1,3,6,5,7,0,1,9
11,1,6,2,8,2,3,9,2,3,12,3,2,2,3,7,6,0,1,6
12,1,3,3,8,6,3,9,1,2,9,1,1,4,6,4,4,0,1,11
11,2,3,5,8,6,2,11,0,4,8,3,1,4,7,1,9,0,1,12
12,3,6,5,9,4,1,9,1,3,9,3,1,6,12,6,5,0,1,10
18,0,11,13,9,6,3,12,0,14,12,6,1,3,31,13,5,0,3,22
12,0,3,4,8,6,1,8,0,6,7,1,1,5,6,4,4,0,1,9
14,0,2,3,8,6,1,8,0,7,6,1,3,5,6,6,4,0,1,5
12,2,3,4,8,5,1,8,0,1,11,0,1,3,7,4,4,0,1,10
13,0,20,9,9,4,2,45,2,4,13,8,2,1,36,20,14,0,10,5
14,2,6,3,8,4,2,6,3,2,10,2,1,6,8,5,3,0,1,8
14,0,2,2,8,5,2,11,2,2,10,3,1,4,9,3,6,0,0,9
14,3,5,10,8,4,3,8,2,4,13,6,1,4,8,2,6,0,2,7
11,4,7,25,12,4,4,31,10,10,20,11,2,5,31,15,7,0,8,6
7,1,6,3,8,6,2,9,0,4,11,2,2,2,7,8,4,0,0,5
17,4,3,4,8,4,2,8,0,6,8,2,1,3,9,9,2,0,0,7
14,2,3,4,8,4,3,10,1,4,12,3,1,2,6,7,9,0,1,8
16,3,24,5,8,4,0,35,1,1,11,1,1,5,14,6,10,0,3,10
18,4,0,6,9,4,1,6,1,1,11,3,1,5,11,6,3,1,1,10
13,3,4,7,8,5,2,8,0,4,10,2,1,2,7,7,5,0,2,8
18,3,0,4,8,3,2,12,0,2,11,0,2,3,8,7,7,0,2,7
18,3,0,4,7,3,2,12,0,2,11,0,2,3,7,7,7,0,2,6
17,3,0,5,8,3,1,12,0,2,11,0,2,3,6,8,9,0,2,7
14,3,2,5,8,6,3,8,0,6,8,2,1,4,9,6,7,0,2,8
10,3,1,3,7,3,2,3,0,3,7,2,2,3,7,8,10,0,2,8
11,3,4,6,9,5,2,7,0,5,11,2,1,2,8,8,7,0,2,7
15,3,1,5,6,6,3,4,1,1,10,0,1,4,8,5,7,2,3,8
11,7,4,2,8,3,5,8,2,6,12,2,4,2,5,7,9,0,0,2
13,3,4,5,8,5,2,8,0,3,10,2,1,2,7,6,7,0,2,10
15,3,3,6,8,7,3,8,0,8,8,0,1,3,8,5,7,0,2,7
12,3,1,3,8,4,2,6,0,3,10,2,2,3,8,8,11,0,3,10
13,3,4,5,8,6,4,6,0,7,7,0,1,4,7,6,7,0,3,8
12,2,0,8,9,0,5,3,1,4,10,6,1,4,5,13,12,0,1,11
23,1,1,7,11,6,1,34,0,6,7,4,1,3,16,12,18,0,3,10
20,1,5,5,8,5,1,6,0,5,10,1,1,4,7,4,8,0,0,4
9,3,4,6,8,4,3,5,1,5,8,0,2,3,6,5,9,0,1,8
24,1,3,4,8,6,4,5,0,7,7,1,1,4,8,3,11,0,0,6
12,3,4,3,7,3,2,9,0,4,12,3,2,3,10,9,7,0,1,9
18,3,1,4,8,7,2,6,0,4,14,0,1,2,7,3,12,0,2,7
15,3,2,5,8,6,3,6,1,7,10,0,2,2,7,3,10,0,2,5
15,3,3,4,7,3,2,9,2,4,10,4,2,1,8,9,6,0,1,9
53,4,18,29,9,14,16,42,4,23,19,4,4,9,72,109,80,0,7,49
50,16,24,28,15,15,6,32,14,17,40,15,4,13,27,48,45,3,23,28
7,2,1,2,6,4,1,3,1,0,5,0,0,1,4,6,3,0,1,6
16,3,2,3,8,5,4,8,2,3,9,2,3,6,6,6,7,0,1,6
15,1,19,47,8,5,11,34,2,2,15,4,1,1,37,23,11,0,11,13
14,2,4,4,9,2,3,7,2,5,8,8,1,4,10,6,6,1,3,8
17,0,70,5,8,3,0,87,4,1,11,5,2,4,9,5,11,0,3,9
15,4,7,3,6,2,4,5,1,3,10,4,1,4,8,4,4,0,2,12
17,2,2,7,8,5,1,17,0,4,11,2,3,2,14,7,10,0,2,7
11,4,5,24,8,3,3,30,9,6,14,9,1,2,24,11,5,0,8,5
9,3,1,3,7,4,0,6,0,1,6,0,0,2,6,5,7,0,0,7
15,2,3,4,8,5,2,9,0,1,12,1,1,4,6,4,7,0,1,12
12,0,2,3,8,4,1,8,0,7,8,2,2,5,6,10,3,0,1,6
16,2,1,5,8,5,0,29,0,4,10,4,1,3,6,10,7,0,3,6
16,3,3,2,8,7,4,8,0,5,11,0,1,4,7,6,9,0,1,7
14,3,2,4,8,5,2,6,0,4,8,5,2,3,8,7,5,0,1,10
19,4,17,11,15,12,3,47,8,8,11,7,2,5,43,33,32,0,1,21
8,5,2,8,8,2,2,5,1,4,6,6,4,6,6,9,5,0,2,5
18,5,1,4,6,4,5,5,2,4,9,4,2,4,6,5,5,0,1,9
14,7,5,9,8,3,0,8,3,6,17,1,1,6,11,12,7,2,2,11
12,2,2,2,8,5,4,7,0,5,11,1,1,3,5,6,10,0,1,5
12,3,4,7,8,6,2,8,0,4,10,1,1,2,7,8,5,0,2,8
15,3,2,7,8,5,0,11,1,3,7,1,1,3,8,8,7,0,2,11
14,3,3,7,8,5,3,7,0,3,9,0,1,3,5,7,6,0,2,11
18,5,4,9,5,5,2,15,1,5,16,5,3,7,17,13,10,2,2,9
15,2,3,5,8,6,0,19,2,6,11,4,3,2,13,8,7,0,2,2
23,6,6,11,8,6,2,19,1,7,21,6,4,9,17,22,14,3,4,13
5,1,3,5,8,1,2,10,2,3,11,5,2,5,5,11,13,1,1,8
14,2,4,2,8,3,3,4,2,6,9,1,3,3,7,13,3,0,3,5
28,1,15,6,8,5,5,231,3,40,6,5,3,8,9,27,5,3,9,9
38,10,122,31,41,19,3,244,8,5,27,16,4,10,52,55,17,0,22,32
22,1,14,2,9,6,0,20,0,5,8,2,1,1,9,7,10,1,3,4
18,2,3,6,8,6,3,6,0,6,9,1,1,4,8,4,5,0,0,6
12,1,4,2,8,21,7,56,5,4,24,0,1,2,7,10,6,0,1,4
11,1,4,4,8,19,8,61,6,7,24,0,1,2,7,9,6,0,1,3
27,1,13,8,9,10,0,25,0,7,8,0,1,2,12,11,14,0,3,6
19,1,3,6,8,5,3,4,0,7,9,1,1,4,8,8,9,0,0,4
13,2,4,5,6,8,3,2,0,2,12,0,1,2,5,5,6,0,2,4
12,2,7,4,8,9,2,14,3,3,10,0,2,4,10,9,5,1,1,6
16,1,1,6,8,3,2,4,0,3,7,2,3,3,7,10,7,0,0,6
15,3,3,7,8,5,3,8,0,2,9,5,1,3,8,2,8,0,3,14
14,3,2,7,8,5,4,8,1,4,7,0,1,4,6,5,8,0,2,11
10,1,3,10,8,3,1,5,0,4,8,2,3,2,6,9,5,0,1,6
16,4,4,6,9,10,2,4,0,10,10,4,3,4,7,5,16,0,2,4
18,0,2,6,8,5,5,12,0,5,9,1,1,4,6,8,9,0,3,7
15,19,24,26,12,11,7,32,1,4,10,4,2,3,9,15,6,3,16,8
6,0,3,3,7,6,3,2,0,3,8,1,0,1,4,4,5,0,0,2
14,1,1,4,8,3,5,8,1,1,11,4,1,3,5,7,6,0,1,8
54,6,18,30,9,14,14,43,3,24,19,5,3,9,71,109,78,0,7,49
12,2,4,1,8,5,5,10,0,3,10,4,1,5,6,10,6,0,3,5
12,3,3,6,8,6,2,7,0,5,10,1,1,3,7,7,9,0,2,6
10,4,4,10,9,2,3,7,1,3,12,3,2,5,8,8,21,0,3,10
10,2,3,6,8,6,0,7,1,4,12,1,1,3,9,14,6,0,2,5
15,2,1,6,8,2,3,3,0,1,16,1,1,2,7,6,9,0,0,5
13,2,0,5,8,4,4,19,0,5,10,2,2,3,5,20,10,0,2,4
13,2,18,4,7,3,0,25,1,1,12,2,1,4,20,5,11,0,4,10
10,2,3,6,7,6,0,7,0,4,12,1,1,3,8,14,6,0,2,5
11,2,2,6,8,6,0,8,1,4,12,1,1,3,9,11,6,0,2,5
21,2,3,7,8,5,5,13,1,5,10,3,3,1,9,16,4,0,1,4
6,0,0,1,5,1,0,3,0,1,4,3,0,2,8,3,2,0,0,6
15,2,3,3,8,6,5,8,0,3,11,1,1,3,3,4,12,0,1,7
19,1,4,6,8,4,1,5,0,4,11,2,1,3,9,4,10,0,1,7
12,2,3,3,8,5,3,9,1,2,9,1,1,4,6,4,4,0,1,11
12,3,3,6,8,6,2,7,0,4,11,1,1,2,7,7,9,0,2,7
14,1,2,3,8,5,4,10,0,3,8,4,1,7,7,10,6,0,2,5
10,2,4,6,8,5,0,8,1,4,10,1,2,3,9,14,6,0,2,5
38,10,122,31,41,19,4,243,8,5,27,16,4,10,52,55,17,0,22,32
17,1,28,4,8,3,3,47,1,5,11,0,3,3,13,15,10,1,3,8
30,5,66,16,25,18,0,109,0,5,21,8,2,5,25,25,9,0,7,18
19,1,5,5,8,5,2,8,0,6,9,1,1,3,6,6,9,0,1,5
15,0,2,6,8,5,0,9,0,3,7,2,0,3,7,8,6,0,4,6
14,2,6,8,8,3,5,17,1,6,10,1,1,4,4,4,9,0,3,6
16,2,1,4,8,3,5,7,0,3,14,1,1,2,2,9,14,0,1,5
7,2,5,5,8,7,1,8,0,6,14,0,1,5,7,10,6,0,0,4
17,3,1,9,8,5,2,7,0,5,11,0,1,2,6,5,6,0,2,7
52,3,19,31,9,13,13,46,2,21,22,6,4,8,68,103,80,0,7,45
12,1,2,4,8,5,1,12,0,4,10,2,2,3,8,6,6,0,2,9
6,3,2,2,8,4,6,7,1,1,10,2,1,5,7,7,12,0,3,5
9,1,7,5,8,6,0,4,0,8,13,1,2,3,8,10,8,0,0,7
14,3,3,6,8,5,4,7,0,3,9,0,1,3,5,7,6,0,2,11
15,3,3,6,8,5,0,11,1,4,7,1,1,3,8,8,7,0,2,10
12,3,3,5,8,4,1,14,2,4,10,3,1,6,9,5,5,0,0,6
35,10,28,8,4,2,7,42,5,3,12,3,1,7,16,22,17,2,12,6
97,101,43,88,30,63,84,65,36,59,134,69,24,70,79,139,88,19,33,85
17,0,5,6,8,1,6,42,1,4,10,2,2,2,10,7,6,1,3,10
16,2,3,4,8,9,4,9,0,5,11,2,2,3,8,5,8,0,0,6
14,2,2,15,8,5,3,35,0,4,13,3,1,1,6,4,9,0,2,7
15,3,2,6,8,9,3,6,0,2,9,0,1,2,5,4,9,0,3,11
17,1,3,6,8,5,3,5,0,6,9,1,1,4,9,8,8,0,0,7
22,1,12,15,9,9,1,17,1,3,7,3,1,1,12,14,10,0,5,10
11,1,4,2,8,37,11,69,7,6,25,0,1,2,6,10,7,0,4,4
12,1,4,4,8,30,11,72,5,7,24,0,1,2,7,10,7,0,4,3
28,1,15,8,9,9,0,26,1,4,8,2,1,1,13,15,13,0,6,5
18,1,3,4,8,6,3,6,0,6,11,1,1,4,7,7,9,0,0,5
13,1,4,4,8,34,12,81,6,7,24,0,1,2,7,11,7,0,4,3
24,1,18,15,9,9,1,25,1,3,6,3,1,2,12,14,10,0,5,10
14,1,2,3,8,5,4,10,0,3,7,4,1,7,7,10,6,0,2,6
53,5,24,30,9,13,16,43,4,48,28,6,4,12,90,132,125,0,7,53
13,3,4,6,8,7,2,9,3,6,13,1,2,4,10,10,12,1,4,10
13,5,2,5,7,5,1,5,0,8,11,1,2,2,8,10,5,0,4,5
8,3,13,10,8,3,7,8,2,6,17,4,1,6,8,5,7,0,2,5
14,5,4,6,9,4,1,7,1,0,9,1,2,5,11,6,5,0,1,7
17,2,2,2,8,5,1,5,0,2,12,0,1,3,6,8,12,0,0,6
54,5,18,30,9,14,14,44,3,23,19,4,3,7,70,111,79,0,7,51
54,5,18,30,9,14,14,44,3,23,19,4,3,7,70,110,79,0,7,51
52,6,18,30,9,14,14,44,3,23,19,4,3,7,72,109,79,0,7,52
52,6,18,30,9,14,14,44,3,23,19,4,3,7,72,110,79,0,7,52
11,3,3,6,8,6,2,7,0,5,10,1,1,2,7,7,9,0,2,8
13,2,4,1,8,5,5,10,1,3,10,4,1,5,6,10,5,0,2,5
51,4,18,28,9,13,16,42,5,24,19,4,4,8,73,110,79,0,8,51
51,4,18,28,9,13,16,42,5,24,19,4,4,8,73,109,79,0,8,51
17,2,1,5,8,4,3,7,0,5,12,2,1,2,8,9,7,0,1,8
13,3,0,7,8,4,1,6,1,7,9,2,2,2,7,11,9,0,0,8
52,6,19,29,9,14,14,44,3,22,19,4,3,7,72,111,80,0,7,51
52,6,19,29,9,14,14,44,3,22,19,4,3,7,72,110,80,0,7,51
12,3,3,6,8,6,2,7,0,5,11,1,1,2,7,7,9,0,2,6
52,4,18,28,9,13,16,42,5,24,19,4,4,8,73,110,79,0,8,50
52,4,18,28,9,13,16,42,5,24,19,4,4,8,73,109,79,0,8,50
53,4,18,29,9,14,16,42,4,23,19,4,4,9,72,108,80,0,7,49
54,8,18,32,9,13,14,41,3,25,19,4,3,8,73,108,78,0,8,47
54,8,18,32,9,13,14,41,3,25,19,4,3,8,73,109,78,0,8,47
52,5,19,28,9,14,15,43,3,24,18,4,4,8,71,111,80,0,7,50
52,5,19,28,9,14,15,43,3,24,18,4,4,8,71,112,80,0,7,50
